-30.4136757527787,-30.0197297507477,-27.6689374174076,-22.8794725708791,-18.3901030260622,-15.0596120655238,-12.8997654783857,-11.8916672193188,-11.6790949776066,-11.8793012222279,-12.3717805730709,-12.0740818164278,-10.6908237234122,-9.92393985591445,-9.34166872299804,-8.33232784126267,-7.85497014491011,-7.22951196099301,-6.80224008327224,-5.92568740335597,-4.50588795553952,-4.02077001014042,-3.54019375857402,-3.46119256804036,-3.2233283921563,-2.75415512913646,-2.83638699419606,-3.1912238239149,-2.3755764991332,-1.99019061310231,-2.80036529298475,-2.92065689251889,-2.69683209537561,-2.13493173760587,-1.72302293464618,-2.25218609843105,-2.5252300325359,-3.20985498990414,-3.49448191100032,-3.79987607507664,-5.09469333232335,-5.81294091525388,-5.2890194007,-4.95307034768263,-5.42099719791744,-5.33807041805686,-5.43593597161353,-5.88733963495976,-6.0378884486684,-6.78036915522155,-8.01113538287885,-9.1713205265709,-10.4812889076542,-12.1808305257864,-14.0634861880069,-15.6645562513563,-16.8355014431393,-17.8970386005074,-19.0991528724023,-20.3727241690374,-21.4811037971604
-21.7492929444975,-20.6461283295676,-18.9962603873396,-17.1171567356019,-15.3011671585599,-13.7631181312693,-12.6528424328099,-12.106251234635,-12.0551537754196,-11.9651293972001,-11.5825602016293,-11.1416339200019,-10.2292587265057,-9.03789395887874,-8.09366330288654,-7.23101489693221,-6.69548078694794,-6.32406071830843,-5.99689416332012,-4.8686162653693,-3.56973294694161,-3.12027534000909,-2.51210673668757,-2.35765609810292,-2.18317650735699,-2.01675115672452,-2.2369860594132,-2.56590173236521,-1.87207152772693,-1.71560134190626,-2.64341554804753,-2.94498724131881,-2.76667317621417,-2.50335659870993,-2.26686714147183,-2.75605401663188,-3.02806873255119,-3.97374447061861,-4.41294021909005,-4.96820833969549,-6.35124439047303,-6.94951312197905,-7.05331580803508,-6.99625142358668,-6.73632285805022,-6.76873995512952,-6.69944345549351,-6.67213971378564,-6.36129566308131,-6.34357227874645,-7.97158745607288,-9.69134970497377,-10.3957524135903,-11.9741143855908,-14.3224945507238,-16.070895067643,-17.401258018396,-19.1505731044014,-21.101409096783,-22.5902272758298,-23.3513805025174
-21.8546556207669,-20.5402461344641,-18.669185380041,-16.6438079944742,-14.7838482207873,-13.2500339520199,-12.1389372361458,-11.6434670034366,-11.9993547565333,-12.687896816315,-12.1697841896123,-10.9833655912113,-9.82448944860496,-8.465448802618,-7.87421735861662,-7.70998494261546,-6.83214026512482,-6.35778299483019,-5.8137058565531,-4.34128128795641,-2.95571536383082,-2.44335603169232,-2.04505432529884,-1.72545585474067,-1.40779018771548,-1.40030611337968,-1.7458772133436,-1.97502473285076,-1.4246918211557,-1.47935753577535,-2.5093659566233,-2.99024278850669,-2.85632894759888,-2.8926362259111,-2.88303378910668,-3.30043237365285,-3.47358275285252,-4.58804060285502,-5.24377154314948,-5.95189785683145,-7.23112968596168,-7.53667440475755,-8.04923151961691,-8.18207758531365,-8.10408908733294,-8.71748821420755,-7.66046249597208,-7.16292718754809,-6.88838324438706,-6.49501043449166,-7.47844903426258,-8.43655550004677,-8.91983980515413,-10.03143323739,-11.5427060053455,-13.3372975108627,-15.6135559419347,-17.7850032334721,-18.9261032987667,-19.3407492491104,-19.5958749880361
-19.8515733771385,-19.2510845138186,-18.3617234417128,-17.2424350244373,-15.8823200908205,-14.4120123796194,-13.5218146704187,-13.8212755616164,-14.5324522630905,-13.978782555302,-13.2324009811956,-12.4073557269508,-10.8496917410046,-9.76241797592832,-9.20931703432285,-8.45384235675195,-6.86540301271212,-6.24632658080186,-6.24764045207419,-4.68036456591462,-2.90999277629419,-2.15572730713782,-1.99000100292776,-1.45507555256032,-0.887440392777819,-0.924413337731039,-1.36284998841965,-1.43698744341586,-1.03789861815585,-1.28050631591057,-2.39818867895636,-3.05618573203265,-2.96862104121151,-3.29171184935248,-3.54534450921872,-3.84359891431301,-3.81919561141054,-4.83139343332863,-5.65613623156679,-6.29877561872641,-7.35432417186092,-7.80978283221712,-8.1478966694997,-7.81900163918721,-7.66697469157945,-7.69928115886519,-7.07217063948339,-7.08057324901148,-7.19702231868999,-7.11092542019561,-7.05728199847906,-7.34427435773362,-7.76495545585118,-8.23359127500746,-9.74987063927384,-12.6540524456751,-15.7753121810142,-16.997284034142,-17.1703183269813,-17.5197741602271,-17.9665101676191
-25.0642502425561,-23.3950932859868,-21.0907339575716,-18.6726062235532,-16.4998322851134,-14.8846765972549,-14.1650242648239,-14.6117180190147,-15.7221336233274,-15.5694377862812,-14.421946069948,-13.7795609930813,-13.0481291920472,-11.4689760983782,-9.81579501702549,-8.72566698256614,-7.63850288138717,-6.90926979831514,-7.41026615223578,-5.70896079172981,-3.48489359710854,-2.36674056871861,-2.15679140179017,-1.4332338940342,-0.608276920532234,-0.61217759562912,-1.08417281193499,-0.969356877748481,-0.715646853120461,-1.11799642345777,-2.3099601220329,-3.14268398111798,-3.10608996721831,-3.691060158607,-4.20588885588921,-4.30008427502827,-4.02801157358101,-4.53698281615563,-5.14107673455008,-5.69387540878176,-6.61049692015965,-7.011158282588,-7.15245046365879,-7.22124749002799,-7.31590217650739,-6.83132095258642,-6.75431006697217,-7.42007703514963,-8.42240926854194,-8.42610083591499,-7.73313902906997,-8.00285196108446,-8.69707498976163,-9.47079498059473,-11.0634973360298,-12.986173072886,-14.5457631359685,-16.1049119957427,-17.8870183065548,-19.5586008000724,-20.7182645993838
-22.4505738914271,-21.240952392544,-19.5145623574732,-17.6479741897161,-16.0366001780673,-14.9602662260367,-14.6041979117823,-14.4510446721997,-13.7610464964327,-13.9496656888914,-15.0292365201824,-14.3881457376523,-12.732746140059,-11.2331643956853,-9.56462161227432,-9.00139247466288,-9.43374052154756,-8.93119921506282,-8.76430040229856,-6.72799674456766,-4.44867197178408,-3.04816031213257,-2.45919864634705,-1.5903621161879,-0.563524521966983,-0.488029153226478,-0.906822515043757,-0.586083580039627,-0.460600143556931,-0.990862409683828,-2.24485884609973,-3.24969804210502,-3.27103273185566,-4.08348137517606,-4.80000153100779,-4.55555167122347,-4.05502139581969,-3.82683235771422,-3.97809657662353,-4.60721597642672,-5.41034190822292,-5.31717134811601,-5.28946997442884,-5.97791295166471,-6.74999934856456,-7.15150161021967,-7.6613485632604,-8.29038905250057,-9.66326996095626,-9.99524024041941,-9.49911646556821,-9.87964197799909,-10.7234460605436,-11.7427984347129,-13.5536216690231,-15.8409316603581,-17.6767212494505,-19.1570459867575,-20.8545409562053,-22.8514126960733,-24.7177992201703
-21.9897188929039,-20.9723066998363,-19.5107237789359,-17.9496331662412,-16.6351093428131,-15.6811417830159,-15.002109817058,-14.656339739883,-13.9917029390772,-12.9402939431934,-12.5751234286475,-12.2794127852224,-11.4230734089631,-10.5063978712974,-9.65347872596969,-9.43813182921352,-9.62645780537932,-10.1863874736222,-9.34465786813759,-7.2013119647206,-5.43398572409666,-4.10202759106188,-2.92619146897974,-1.8882910398499,-0.752378309647156,-0.567853553760287,-0.827688357268514,-0.296259025516548,-0.273850050457241,-0.898019289454879,-2.20316584570352,-3.37727074420732,-3.4659573872197,-4.46569975867703,-5.26011681769695,-4.53096321988554,-3.87473492141208,-3.03775054991063,-2.88517831503978,-3.65834795631628,-4.33402269867305,-4.06614780710291,-4.18726632760887,-5.04967069291446,-5.96154897827759,-7.44795781270579,-8.83634845585154,-9.33315485828001,-11.3524375709558,-14.4713653729217,-15.7805096409199,-15.5757037889337,-15.7806501230284,-16.4776035474797,-18.4142342819805,-21.1924548411321,-22.2673639833401,-22.574006359714,-23.6305163037401,-25.369664535371,-26.9923732615686
-21.133710909727,-20.0603219496875,-18.555594322713,-17.0066195694337,-15.7644546591705,-14.8803350446634,-13.906022123514,-12.9096833070408,-12.8340389293062,-12.9557245124792,-12.1910695608426,-12.0460930884418,-11.8652586610042,-10.940361405362,-10.7952749174328,-11.0451274167881,-9.79551097493574,-9.7825621194587,-9.23660596160772,-7.31793176673875,-6.31170974205062,-5.3807521846378,-3.5494201992091,-2.2924338445564,-1.17147250574588,-0.84569984719738,-0.837868516075787,-0.103146632111532,-0.155323778484643,-0.83830183124708,-2.18526711823884,-3.52552030018079,-3.69277315395152,-4.83749388971574,-5.54527882158015,-4.25865847848299,-3.53122186200711,-2.42626629554852,-2.20373555446986,-2.94911926862932,-3.53697782391714,-3.65822684155786,-4.13034369016221,-5.22469689251513,-6.59290939030895,-8.96876242590997,-11.3571101782534,-12.3936060634568,-16.0180421839903,-20.216623394051,-20.0417510063375,-21.7728028049768,-22.5628259190869,-22.6636229538194,-21.3132195266832,-20.2908559926808,-20.5476332267799,-21.478025894206,-22.3965407128949,-23.2973079242007,-24.021513526368
-22.861207884323,-21.4684243364444,-19.4995825854667,-17.4199846175704,-15.7957313922965,-15.0500746591936,-14.9799684343965,-14.4183236927518,-13.4433733020054,-13.4072433659802,-13.2991765944211,-12.3908161233227,-11.4476947510515,-10.5145834105967,-10.5599956804457,-11.367060792625,-10.5497567668635,-9.36673714519812,-9.00100791314222,-7.60950580583041,-7.3310006765166,-6.60293027604361,-4.18410307230948,-2.78814579123986,-1.7987692377654,-1.28233179695475,-0.919274124262841,-0.00587652531491756,-0.103685551940998,-0.810707406531094,-2.19165853407944,-3.69463729968416,-3.95132157971341,-5.20082905846473,-5.65348872281594,-3.85702904235889,-3.12735204944565,-2.07831886744238,-1.98747315920272,-2.42498164953325,-2.92670800743261,-3.7590515494456,-4.63427160075601,-5.86234543554252,-8.01150526041216,-11.5240177011566,-14.9243495781917,-16.0586194131835,-15.1155514300611,-15.7149352510496,-17.6655475228177,-17.5736828479928,-16.1666924723976,-16.6342947538699,-17.2352946322241,-16.0490228354605,-15.7413225835684,-16.9730351176055,-19.2251732016429,-21.7589459438148,-23.7313125956679
-24.3242829698673,-24.1215626278263,-23.4521199690124,-21.7033276021218,-18.9749992476665,-16.69006096621,-15.7957145086088,-15.7545611759768,-15.0793095039221,-14.4301633729299,-14.3251237421116,-13.2022831325208,-11.4410794048093,-10.3560181892038,-10.682088713177,-11.1937164862433,-10.4049807627069,-8.62178615862251,-8.61117735881845,-8.17355586570186,-8.30955197417353,-7.23897743438674,-4.70421866345299,-3.38419452203088,-2.56982543171317,-1.8013877278522,-1.04913132083902,0,-0.11694556159722,-0.814586510511532,-2.22295313333547,-3.88488625359784,-4.24089475300809,-5.55778923415042,-5.61351807101485,-3.43454479041952,-2.75454227318104,-1.94417791873221,-2.13585827785728,-2.21043324498322,-2.69485399070518,-4.19059572372427,-5.79120613825043,-7.3913376786269,-9.70973315020922,-12.7016917531814,-15.4209491524784,-14.6367750928108,-12.8094470677523,-14.0529011792197,-15.6997888536045,-14.5163322399173,-13.1091169943972,-13.7688293346492,-15.6971187483592,-17.3394793749409,-18.9383488050657,-21.6698765589905,-25.6852078096963,-28.3264509912338,-28.8165386152928
-23.1985882489008,-22.5324282453515,-21.7915594678057,-21.3311942897569,-21.1005656615446,-20.2036063364907,-19.0569224410794,-19.0209283137733,-18.762697239637,-18.1214790195357,-17.6242864324108,-16.0140489756569,-12.9241310701119,-11.1107430456086,-12.1243623376586,-11.8412315775203,-9.66183850929141,-8.12228908506562,-8.22510717368942,-8.55428285604671,-8.36032546789637,-7.02349881346149,-5.12957449378177,-4.05368399069283,-3.37500185340286,-2.30368285928625,-1.20887815978931,-0.0816834036848917,-0.192999506180271,-0.849434456592249,-2.27989110222201,-4.09661442419835,-4.56045253683304,-5.90730731724405,-5.4700657847025,-3.03938021875821,-2.44646182589595,-1.90283183689928,-2.43616780672089,-2.4009710020791,-3.12789856118248,-5.14642946059701,-8.02811910846509,-11.1125553884962,-13.1068246948953,-12.6465543775062,-13.0291545107089,-12.6830998884678,-13.1007409957269,-15.4521710711663,-15.7323730760547,-14.5893692037601,-14.9517596231138,-16.6136180578765,-19.4845902173072,-23.1113351583245,-27.0247382997141,-31.1033303887914,-30.2035489109086,-27.2480960337184,-25.5950352189905
-28.8679928279831,-28.1626208309522,-26.3554576566211,-24.2403643348872,-23.5204743138772,-24.5733466858813,-26.0356868931719,-25.7541541611039,-25.3597779208395,-24.8949359965868,-23.5787715371697,-18.291292329022,-14.902245987101,-12.7340932036955,-12.9667619714218,-11.5369652596549,-8.96279423321644,-8.61065517514106,-8.51904742737517,-8.02718752230535,-7.52150383776876,-6.45933960214231,-5.52950288725029,-4.724995028303,-4.1008780684229,-2.7086708734351,-1.39542447950657,-0.248578352285534,-0.329739836176216,-0.914929305941712,-2.3633528354832,-4.33027269847088,-4.90753693857542,-6.24515652902984,-5.26855650672466,-2.68965632378581,-2.21108020787156,-1.8713177275814,-2.69072083823274,-2.92262335847525,-4.19560994557696,-6.48875750364097,-10.4453769261045,-15.2703553345202,-14.7411929453734,-12.224101492278,-11.8613451495876,-12.3609359131273,-15.0592664438002,-20.5896241805962,-21.3518472057526,-21.0490176772364,-20.327545601138,-20.4503909788897,-18.4027773818508,-16.0246605683711,-16.0577858232808,-17.962329122946,-20.8311691523483,-23.8648039708984,-26.3980016685371
-21.008919093922,-20.3554465120484,-19.5602104233517,-19.1912095652769,-19.9910665822188,-22.7646033756117,-24.7975133315102,-22.6621771702512,-23.7205563460805,-24.8410375436006,-28.8561022633503,-21.9194542228577,-18.0077306179234,-16.3465044591482,-14.6045217814841,-12.2897286912841,-9.5069026275998,-9.48763573787048,-8.48174510266924,-7.00531859167009,-6.62192974653713,-6.30030938166603,-5.91608370262219,-5.34883650352474,-4.65165387712057,-3.00676470052841,-1.62551603692611,-0.501914049781732,-0.525257910158132,-1.01101391379052,-2.47437568160032,-4.5864365042535,-5.27766108680223,-6.56628215482164,-5.06027856715917,-2.41263450036725,-2.06997054770316,-1.87884403000652,-2.92057261667644,-3.71393812924182,-5.6389095604369,-8.03037272402328,-12.8192884142827,-16.717792565447,-17.1746280103712,-15.0218271040263,-14.6246426242149,-15.5765744103764,-19.3045427070764,-21.6970552308533,-21.2111224490455,-19.3960046106751,-16.2519889154426,-15.0097971985501,-13.9861886099568,-13.3573887487583,-14.2632884189278,-16.2875845315756,-18.6481418192616,-20.8789237754295,-22.7144485336376
-18.0459026549005,-17.3923330510137,-16.5173003926135,-15.7908086503665,-15.7147611357441,-16.6136424185031,-18.0225099045779,-19.7537725062159,-23.8067587698145,-27.2662710803334,-28.3655702295192,-23.7044010825434,-19.0020049327392,-18.7432772095783,-17.2517827055599,-15.1751382543745,-11.1940665255227,-9.71788060276131,-7.87627877117706,-6.63710348811149,-6.77623431695324,-6.76180632913173,-6.26962188719679,-5.88218011578945,-4.93623304311492,-3.26343594177975,-1.9296405835,-0.846160235844366,-0.777615107095386,-1.13797914444299,-2.61417521039812,-4.86582945284209,-5.66563877907781,-6.86445663901353,-4.88181810763946,-2.23108706571392,-2.04176927396429,-2.00205608586181,-3.33154519987097,-4.90498993985391,-7.44226800254478,-10.1132104163859,-15.7218565497718,-15.8544400039412,-17.2315980142987,-17.5453508257366,-18.2677842899367,-20.3090065277243,-21.5775629527617,-17.6589663857119,-18.5373314415002,-17.6221470464667,-15.3267976177446,-14.6847166756517,-14.2592075938722,-14.4187987733802,-15.8019906508282,-17.4208612570515,-18.8722792387616,-20.3072554272866,-21.6744610670398
-19.4349782795674,-18.5525785049352,-17.2394950882978,-15.881479402284,-14.9661705509681,-14.7684712871185,-15.2740693405568,-16.7309196874034,-20.5385934332694,-27.8947965593703,-29.8761132236768,-23.7397262732771,-22.3313001104246,-26.3522842481173,-20.5656274885746,-17.5542582081007,-13.7237774237999,-10.6084494801404,-8.10880985937351,-7.40404554104256,-7.68739524102119,-7.45265384046043,-6.69800925295588,-6.15057946139173,-4.97678183722488,-3.55405080298941,-2.33482508310911,-1.28596557289515,-1.08427926963688,-1.29637973444468,-2.78417101891654,-5.16935406243587,-6.06589385064167,-7.13711725718719,-4.75315572808856,-2.14878537619524,-2.11079829774019,-2.25331251738024,-3.99485451068858,-6.56942524009318,-9.8374912927617,-13.3208279153208,-15.0976110459772,-14.5261585595082,-16.9420061959586,-19.2909495148408,-23.1696320482218,-28.4565216251975,-20.1609992095256,-15.6366355285944,-15.1731075354907,-14.1136275886461,-13.1426516266233,-13.251786569599,-13.5816984401328,-14.8552098745463,-17.5235989997979,-19.9422584589177,-21.1330165580015,-21.924106862625,-22.7296729525687
-19.4941275509641,-18.534498902409,-17.2582377955443,-16.1763018123437,-15.8653038385378,-16.5508286866826,-17.069680059715,-16.7256297583313,-18.8152217412988,-23.5701620709018,-24.9425032818997,-23.4231802779288,-22.4829977712792,-24.7703704604113,-21.8506125295416,-18.6980329166447,-15.8334972331958,-12.1018007451401,-9.42104492692991,-9.02111372302051,-8.48532720140234,-7.79667447118128,-6.20612361540279,-5.82748260406902,-4.92932050448741,-3.89130935004923,-2.85235746013706,-1.82248430731431,-1.44138906056317,-1.48714007159838,-2.98601829640005,-5.49813100232531,-6.47248375135061,-7.38666571084312,-4.68229073715831,-2.15217309731995,-2.23471127980808,-2.56272826573888,-4.72864241294891,-8.34821851660652,-12.6669823614533,-18.0662127480849,-13.4673781715357,-13.856912627756,-16.5256557946529,-18.6305657871484,-23.2234185681878,-21.8986699402646,-16.351071354782,-13.220872773846,-13.3396487539282,-13.4605025297625,-13.8761898956104,-14.7690271400833,-15.4814163666581,-17.4631957347017,-21.7168555852739,-26.3039599623201,-27.1872965559748,-27.1114138009453,-27.5709547129689
-20.8486112464927,-19.8412011513905,-18.5797650818107,-17.6395143521445,-17.7316270700042,-19.3363366910275,-19.9902812262068,-18.2669377684826,-18.1854998991561,-19.1970638078892,-18.8831101093969,-19.5718484036884,-19.8128884891189,-17.6769514288649,-17.6619439786487,-19.4240397756647,-17.4432663172117,-13.1782413679399,-10.9729875441423,-10.9443574461282,-8.8792327128801,-7.43917299609245,-5.8023702834948,-5.60623013465921,-4.89086757542731,-4.23521625357091,-3.47379156735789,-2.44883225726016,-1.84232688763082,-1.7115709338607,-3.22165512190593,-5.85354869166626,-6.87914051009066,-7.61482040290616,-4.67128729832029,-2.22444526647534,-2.37795436595727,-2.87549483474882,-5.367557110199,-9.82065018268068,-15.0540533442576,-14.5703763207767,-13.1561971387622,-15.6499064816002,-18.5658145751314,-19.0163861831631,-20.1654184375365,-16.6822536605678,-14.4806819750066,-13.7920637201704,-14.1945628230921,-14.2180010992432,-15.4883400556139,-17.8868067624468,-19.728018757094,-22.5059488965673,-29.0622434378834,-36.5701312648759,-33.6863734953543,-33.0628757098318,-33.3610296341944
-27.3574148743752,-26.9538405143326,-26.0796219098318,-24.9139148881038,-24.1606703537449,-24.250586361141,-22.7592878869386,-19.5672091558613,-17.251951735393,-16.2818974423724,-16.3726304751799,-18.3731743814078,-19.0471353762981,-15.4503084400182,-14.502646439091,-18.0488615050442,-18.6750993798186,-16.5104413893119,-13.9908783993578,-12.6398305153994,-8.81951054527191,-7.48418961707426,-6.0270952747876,-5.73906415798454,-4.94151121922846,-4.57477836904553,-4.17615354818862,-3.14200047335366,-2.27785627028837,-1.97134133113441,-3.49335980207772,-6.2373257400798,-7.27982423023684,-7.82281873393038,-4.72140185897828,-2.35154293387139,-2.5431564344708,-3.25976888613457,-6.04759619643377,-11.2199318007379,-14.4106107738788,-12.1719656208446,-13.9302312068278,-22.0790942221839,-25.8227573008918,-24.5781449996173,-16.5000854473558,-14.0047435577855,-13.68532240847,-15.9059963197078,-16.7406082236794,-15.8142618151317,-17.312858708082,-21.3578768267821,-25.1793251619676,-28.5849923815852,-35.0562846713669,-36.2442126091895,-33.0533524681506,-32.0018150033546,-32.7010566952029
-25.2834788193814,-25.1628313648118,-25.0260137973457,-24.8892215833008,-25.1121988309277,-25.7339990317865,-23.6007430408424,-20.310044631204,-16.6628492586988,-14.5514265914503,-14.3466253283665,-16.4882347658422,-16.9678983264734,-13.7723444697954,-13.6748122481552,-18.7732274629024,-22.1589463844279,-20.905661687503,-17.2183356797526,-12.7163216691702,-8.38361610031858,-7.71466464591285,-6.40203315427085,-6.04762807704653,-5.26545185122529,-4.98755920882459,-4.92961897849514,-3.8621454538588,-2.73780002396489,-2.26848017862274,-3.80382185123487,-6.65158969017391,-7.66975533216286,-8.01285918547563,-4.8301239626193,-2.52728373417389,-2.76583988932367,-3.85132050761533,-7.02425897028469,-12.856283767354,-13.0276686697162,-10.9764657649797,-13.319312422078,-18.8930269073396,-23.9719836739777,-19.2394084024242,-14.2385601335351,-13.4358191846433,-14.4836313830295,-17.266361682658,-19.3514199480416,-19.0515259805378,-21.3111248791117,-26.3201410247429,-28.2453155530264,-33.8346792931453,-30.8215942192304,-26.0044928949907,-23.8983271727192,-23.2108216050955,-23.1441989489126
-22.581230088906,-22.3524008540113,-22.158285454419,-22.0236287576824,-21.607305943011,-20.6793251314882,-18.7497534869005,-16.1747365887132,-13.8034160295566,-13.0988101672129,-13.8116901148893,-15.0780148143838,-14.2397931678786,-12.6270191784724,-14.6939154075743,-21.3521766828572,-18.1186060362869,-18.4581960769048,-16.1531957157688,-12.0222612954549,-8.32560068633393,-8.05338116275684,-6.74431697864605,-6.61148218754775,-6.07704472079588,-5.59989805675218,-5.70987829143262,-4.55694654674662,-3.21105589821317,-2.60555226329096,-4.15623611974358,-7.09897700679083,-8.04663266520768,-8.19221167418758,-4.98932887337168,-2.75202504631804,-3.07347196365291,-4.69578213222835,-8.32474104553388,-14.0903829167583,-11.8354262394143,-10.54564767237,-13.1713296289342,-16.5520400913512,-19.9747956077111,-16.8981338611848,-14.0227460027719,-12.9256349241325,-13.8734585729837,-18.0543081833785,-23.3537288735681,-24.2386402998744,-25.643780470511,-26.9458622181966,-29.301352475336,-39.2684563205462,-31.1804831588591,-25.4918084181517,-23.9781799670123,-23.9436696876201,-24.4146691796842
-19.999948228777,-20.2582056462936,-20.7182616331637,-20.7522251689201,-19.3022358933758,-17.1785214189976,-16.1472878053038,-15.9125558041958,-14.9948451082808,-14.0437077165797,-14.1622228863168,-14.7568230520109,-14.5767438965778,-13.898610511231,-15.2813705581991,-18.1147330677965,-15.6526833435883,-16.8641698602146,-14.5712377131487,-12.7798901031644,-9.64336751734557,-9.08550994364909,-7.45688219192066,-7.35582808302864,-7.44722970475344,-6.50148056940843,-6.50459526822721,-5.18095438039441,-3.68917955154791,-2.98582612475997,-4.55443042625404,-7.58276156644629,-8.41143730850852,-8.37698312704312,-5.1895380897806,-3.02820712669393,-3.46065104632997,-5.6841584771588,-9.64133256799191,-13.6702066900016,-10.9806703813444,-10.9105241253525,-14.060931330857,-16.1443315547736,-20.0465334250393,-16.9793083939021,-15.4971722067465,-14.0907690895581,-14.4953895348253,-18.8554469392123,-25.9262144739132,-25.4062890854545,-23.9309298822687,-27.662384002667,-33.081321178502,-32.9932944907291,-34.0369427628447,-31.6652379907319,-29.9574498816235,-29.2449037134402,-29.196894394929
-20.1907958152173,-19.6246082834404,-18.74877358229,-17.6227805248933,-16.4569018967945,-15.7681574149264,-15.9425511917389,-16.2498308513078,-15.6453010568124,-14.7699043956168,-13.9445879870808,-13.6505392607241,-14.1647077694096,-13.6019935104863,-13.8938463912148,-14.7868210982735,-14.1951163932045,-17.18666660088,-15.438425212013,-15.8507130425036,-12.5737143139847,-11.0152642537585,-8.4259842351107,-7.72385287858296,-8.82765302569062,-7.66019092502881,-7.29817716698571,-5.72140719922506,-4.16988319589633,-3.41346066196056,-5.00303650811493,-8.1070225585067,-8.76910184087568,-8.59515641623658,-5.43076859452592,-3.35858662127941,-3.90948885331076,-6.63762638255773,-10.7228072132062,-12.4836771621286,-11.2280181996699,-12.1243028350455,-15.1173330728167,-16.1340261210952,-18.83172470623,-17.0376164256323,-17.2426264668103,-17.9143020825504,-19.1647864075406,-22.6328433974196,-28.0259295903589,-26.7808768562815,-24.5440992862068,-27.2009116181949,-24.0219320995659,-22.2323878587124,-22.7440201089276,-24.924568894774,-26.9349094467283,-28.3618845613565,-29.4980287742113
-21.5886248663046,-20.7325245866186,-19.4521749165451,-18.0196330326327,-16.8247438343575,-16.1020485505418,-15.3824853941935,-14.1606739937018,-13.5576451255857,-14.2680733694406,-14.6805170409001,-14.5914187484545,-15.5205745208967,-13.5729884001117,-12.7398877721139,-13.9213800225297,-15.0597265020218,-20.6143141574638,-17.2068071040998,-18.7763711565413,-16.2034218001851,-12.3507761921743,-8.99840640192407,-8.03526196151422,-8.86040390181668,-9.00781358547599,-8.06730771622667,-6.19808102688251,-4.65659416241385,-3.89382601450055,-5.50772484639926,-8.67688598112969,-9.12890233088601,-8.885357649718,-5.72739817515333,-3.75088388840476,-4.42365190817392,-7.48858178920483,-11.9572125286019,-12.4988311720108,-12.4989236818467,-13.3991832332468,-16.5379212381225,-17.1961787587673,-16.931146650938,-16.1120642036039,-17.0983576487358,-19.736155623202,-23.4692269861728,-26.4183348614776,-29.3333797080722,-27.0907339604058,-23.6839378897238,-20.8445272489368,-19.9401059657464,-20.3380296000676,-21.4670472201352,-23.436893914198,-25.9563767178351,-28.2168392059576,-29.4191528809395
-26.1251488706033,-24.017721190942,-21.4932565877512,-19.4781123520383,-18.246692506435,-17.8094752497576,-17.4238330145176,-16.337280617738,-15.4583819994584,-15.5179149655908,-15.1372039888189,-15.1467731828771,-16.3142045287011,-13.9085686601983,-13.2933020227869,-14.4776809402515,-15.7194867645979,-21.0738531653333,-18.1910941663905,-19.9011072562953,-18.4478338724509,-12.2491915735456,-9.10361581726477,-8.6401647903039,-9.05757826315073,-10.1710895389801,-8.7749915010443,-6.65124044335161,-5.15967712081456,-4.43394223442982,-6.07553402517219,-9.29887166540337,-9.50418764008381,-9.2905776354294,-6.10961118322548,-4.22068506115502,-5.04447629329283,-8.36796415995411,-13.4655312491937,-13.6789114268363,-13.9875459592968,-15.620015230119,-19.9859032873164,-18.5587164801362,-16.233322510866,-16.8768829549401,-18.8916574272873,-21.5939285337812,-25.2275711324612,-24.2252473965678,-25.5655443335967,-26.5005494707288,-22.8205666430914,-23.3301073580039,-24.0856190779771,-22.7113330001401,-21.8508114936013,-21.9834740084011,-22.742580342214,-23.7293899359471,-24.6111236069445
-28.4561026775537,-27.4207501874285,-25.6622602174831,-23.4781769578212,-21.3683008872105,-19.8412964620294,-19.0810999800171,-18.587533110784,-18.1026145310072,-18.5312094639639,-17.5411782246057,-15.8322148444759,-15.5887020624674,-14.1478303147958,-15.3401630250849,-16.1562728971445,-15.668297193574,-18.8707435686839,-19.9616099067615,-22.3157192023752,-18.8666414891885,-12.4715689062944,-9.24698013615372,-9.35919163857,-9.69827941967613,-10.6515168887446,-9.41699941134898,-7.12623441513981,-5.695588045477,-5.04272139555036,-6.71534386751179,-9.98128991472635,-9.91213824847429,-9.85201188158246,-6.61417548870885,-4.79260212784416,-5.82818352385141,-9.46814726434339,-14.8126896659542,-15.1577033073822,-16.1427029639505,-20.0855666848649,-22.4599238497508,-18.7649887235794,-16.115895272717,-17.5287833634368,-21.220082260275,-23.1121202033276,-23.4744318277184,-29.8090245675397,-25.4689545404466,-25.8633971104947,-25.1659545381564,-25.0516639952891,-23.5521163614952,-22.2833490515729,-22.9639275505528,-24.6727901243656,-25.9486772638815,-26.1709770864722,-25.9726734018632
-29.4728222617624,-27.9196467443072,-25.7391763090686,-23.5240084406131,-21.7293817107729,-20.6302358529743,-20.0185311375253,-18.7653478730121,-17.0131583687209,-16.6242692206766,-17.7800912398596,-17.3187113856236,-15.574280934018,-15.4584094050086,-17.0850046327144,-16.3992251488426,-14.9348162221978,-17.7542746552328,-24.3424192972822,-23.8298072508344,-19.6343567512564,-13.5369712572167,-9.74346582422525,-10.0245411507682,-10.6701867910311,-10.9143935828166,-10.044997206721,-7.67039247220166,-6.28574817144079,-5.73145589344153,-7.43857444467729,-10.7348386182719,-10.3725748094308,-10.6133532770732,-7.27683380032491,-5.49067895903916,-6.79880116321311,-10.8612473418195,-16.3548440157107,-17.4183415290744,-19.2340033008127,-23.737945501225,-22.2047149918314,-18.5295343292558,-16.4999615707037,-16.8915753873829,-21.6742028150358,-23.8918534506464,-26.5749487052994,-21.9920228502127,-20.6051409671262,-22.7914271211307,-25.4431611613594,-25.0930017965136,-24.2010160678077,-22.9437343992353,-22.439417054821,-22.7257917034862,-23.3051404715238,-23.8658814654925,-24.3434877397651
-31.3783259531628,-31.7053875924403,-31.8374106543372,-30.6027381648858,-28.0184438465617,-25.833309821349,-24.9003528418652,-23.9499653810464,-20.8668257893985,-18.4052035108224,-19.0754354435884,-20.8811664864648,-18.7453101357571,-18.6920217504687,-17.6345611602168,-15.8095043628394,-14.5319744558484,-16.6272825446739,-22.0661201268575,-25.7719830004286,-20.0944705976941,-14.7716417557857,-10.7613766960286,-10.8849526644375,-12.0360202620754,-11.4643886981221,-10.779339190107,-8.33801177108742,-6.9562739245397,-6.51543666462713,-8.2602536336677,-11.5735320374032,-10.9074207981166,-11.6172199957239,-8.1274967074996,-6.32810773891782,-7.90410077614797,-12.4082986009264,-17.6558446321833,-21.1403823018341,-21.2768983125485,-24.1221598786639,-21.3664307412803,-19.6914891364502,-17.5951873635542,-18.6943920645569,-24.188985776098,-29.0899457721894,-30.0963188029845,-25.32293314691,-22.9541003094751,-24.1206476370883,-25.9232527612427,-23.2887310356227,-22.6186766063514,-24.4294580409513,-25.8454602624327,-25.440985138763,-25.1396935981884,-25.4358706411905,-25.9632471825169
-29.4694230345342,-29.9680489631909,-30.9630534645952,-32.3843241169502,-32.8887747190643,-32.0391167154822,-32.2649117472251,-27.3324287841106,-22.9403876171864,-20.5567930992248,-21.528494563123,-24.8057544657494,-22.2676733218396,-20.7337911754159,-18.1655250834953,-17.2696072480342,-16.3481341124495,-17.0545746846587,-19.7283711178627,-23.5196114818859,-19.9202048212385,-14.8538294721377,-12.3307967085486,-12.4121820049551,-13.9014529793154,-12.6577750695621,-11.7985998515476,-9.19402416850275,-7.73910411842724,-7.41586012166525,-9.20071365028518,-12.5161723439572,-11.5426448966116,-12.9175490202009,-9.1927809648363,-7.30291916319456,-8.99868654480905,-13.7189050542645,-17.2833589131711,-21.4725992163762,-19.4726470305791,-20.7150567123531,-20.9579196692351,-21.0460953857412,-19.572801138202,-21.6666779842748,-25.5506629616775,-24.0600132539809,-33.6134993603025,-32.5123302305918,-29.2798770622301,-25.9640024860023,-25.8922039486035,-26.0636352373229,-24.1586649723369,-23.3384674544902,-23.363709992544,-23.7865999659923,-24.6533708658071,-25.8421802168457,-27.0313770828183
-29.5644024795627,-30.2854091826179,-31.7489917884729,-34.470124350543,-37.0545117860391,-31.1600642509702,-26.2580128031199,-22.8101479064435,-20.8672079109504,-20.7774587830969,-23.0275360707643,-24.1798247825512,-22.079912101862,-19.6634826031498,-19.3026239742607,-18.9679952592358,-18.320466652978,-19.8653191289888,-19.2937093005529,-20.3417455127238,-20.0772229196758,-14.9053363377341,-14.1619316971216,-14.9200142261024,-16.2466243946076,-14.8730051022917,-13.3341497492219,-10.3176769712218,-8.67234438629892,-8.46197286528704,-10.288420817665,-13.5887778411085,-12.3097471235334,-14.5895837051064,-10.4978148932095,-8.39942470084985,-9.88378032355081,-14.3191392090216,-15.9744405808352,-19.7134639795742,-16.7454129322801,-17.3572824184256,-19.7632535118969,-20.804732692602,-21.26272227747,-27.1919634853522,-25.5750580146859,-21.959272804302,-31.2370983505298,-32.6687538218917,-36.0871322203208,-31.2531136558658,-27.0473250110085,-25.9777336934805,-27.6535524081482,-27.6204379944436,-26.418841851766,-25.9824784669058,-25.7137730097073,-25.525252047206,-25.4838447186949
-30.5057329555923,-30.3346381005199,-30.3692036932127,-31.3227428706774,-34.8985772179495,-34.3458792430873,-28.3015986697907,-25.0609463104283,-24.0058694610913,-23.1008390273047,-22.5325912605707,-25.6203766442875,-27.7400576160608,-23.6379930950399,-24.0887396039214,-20.2874271484127,-19.7953380549714,-20.9796772144176,-20.7269743476241,-20.8836211690234,-21.7406524765418,-17.3731013513485,-16.3035427921893,-18.1296734633119,-19.1064129008759,-18.7349778012517,-15.7001466967099,-11.8012251074364,-9.80647968231682,-9.69560239208181,-11.5649884047723,-14.8288202861737,-13.2454488945657,-16.7544207442026,-12.0683517042116,-9.59454822428405,-10.4164406640929,-14.0800354998841,-14.9363171170326,-18.5453636488369,-14.9771764872579,-16.4911892498926,-18.0691542797461,-20.4949279835888,-22.3893626354555,-24.5271704900512,-23.1108927299671,-23.0794386007508,-29.3207545675746,-34.0341909026128,-27.6046383285677,-25.2618968123722,-26.1516205464564,-28.2198100624736,-33.0446359900363,-31.1268945413189,-27.6340917623565,-27.2311295291327,-28.1512585584881,-29.5987646166909,-30.8757751503444
-28.166802346103,-28.4889555689992,-29.4361786599988,-31.4158302255632,-32.2800565744083,-29.609533412701,-27.1140912256429,-26.4407732794889,-24.9964597657718,-22.4085166856708,-22.0963434133979,-26.0329733273572,-37.7201624288789,-28.9143812207157,-36.7529328616978,-26.33854977176,-23.00322384305,-20.9099419796838,-22.863513677286,-26.3199173156727,-27.4358425016799,-23.4135583502985,-19.5919224234548,-21.0845406827951,-23.0574163195188,-26.3392101569624,-19.4719564587831,-13.7662953708547,-11.2103515827993,-11.1818684186633,-13.0947679386896,-16.2931624967045,-14.3997368750884,-19.6556529733894,-13.9326231485553,-10.8630188849092,-10.6136808195403,-13.2229976579929,-13.839687910845,-16.1561797676508,-14.1605782193189,-16.8520531368945,-17.7094351786901,-21.424358280335,-23.7261826761771,-22.7772863864831,-23.9892598525118,-29.4734744887408,-31.5284816990736,-31.1734960140867,-35.5804768955852,-35.4443204066583,-35.8793564970218,-35.7593177523821,-36.1261303501623,-41.1240089356082,-42.9371668609265,-43.176037531746,-43.502209805291,-40.9117637872828,-38.2896873440007
-25.7965163608616,-26.2323821037496,-27.3019941380521,-29.7238897116746,-36.3851891588778,-45.513027055694,-34.3850506823285,-28.5620836371355,-25.2173532392609,-22.9786747183674,-23.2699418802113,-30.8486519723269,-46.1865093188436,-44.8343110418251,-35.0624940905116,-34.4447348564786,-29.813869893942,-21.5193184972692,-24.1245199607999,-30.5490303877275,-31.248433105076,-29.6880106781085,-24.9178742618191,-23.9647466274651,-30.5833893191261,-39.3104793260049,-26.4704426256961,-16.3867527802786,-12.9929806833082,-13.0299683759982,-14.9851796994758,-18.0744056388894,-15.8484528073359,-23.8897722429599,-16.1252757576099,-12.1779840192253,-10.6390333819363,-12.0686597823954,-12.6983631168116,-14.6345521518274,-14.7180994989578,-18.1383919693868,-18.6278188153997,-20.1239367883616,-24.0138965056615,-24.9950637789399,-32.0229944731028,-38.8844614492432,-34.0478187958099,-36.1062135457398,-35.3753871403443,-34.1498857263882,-45.6607666333916,-38.7931086151818,-30.5682901938119,-29.8070121041972,-33.5847227607857,-47.0894183167592,-41.8022364943187,-33.0393280528863,-30.2123923620409
-37.0525793017714,-36.5582776472154,-36.2653328408965,-37.6061465070478,-45.5476476667678,-54.0141768543595,-35.6946796446409,-29.5599244431858,-27.8247484480902,-27.5507151098085,-26.6835249391691,-29.5973244199417,-37.0001094536156,-45.7767400567288,-36.9701823244023,-30.5266466721093,-26.039244779078,-23.9759981125521,-28.2192771144628,-28.2542632968009,-26.8768625472851,-41.5706930723374,-33.7862731342925,-28.8667183784976,-37.6957270766065,-24.6610662007288,-44.1700077048355,-20.0118965218385,-15.3499835114303,-15.4419081545419,-17.4364622651324,-20.3395153484672,-17.7134650244665,-31.7903004230624,-18.7535818237863,-13.5130847356685,-10.6921841930529,-10.989119559652,-12.2231007417861,-15.2296998452628,-17.5176908377206,-21.0038153535008,-18.3063658578686,-20.8139826340181,-23.6052527877001,-23.616475262631,-37.9331954629229,-41.143830308889,-46.978080455369,-36.1008567675991,-30.2230475453019,-29.7988916338845,-34.9071771621981,-39.4229810037549,-43.4473860835776,-62.750473769702,-51.2371420819111,-38.0791853932765,-35.1863686785252,-35.1579169321979,-36.0349946087404
-40.5496774759152,-38.2745904742289,-35.5976336762361,-33.112017921175,-31.0616186480462,-29.33006768134,-27.6286635377635,-26.329730948074,-25.5069561570438,-24.8754092526621,-26.3265060715876,-35.5405517013075,-32.1259541486925,-35.3707895112111,-36.5069893492289,-28.6052277462306,-28.0016129233873,-31.2496022292761,-49.9919739717589,-30.6198628539275,-28.0308050317192,-45.980693599103,-43.0392766620218,-51.8474655211992,-24.856775968578,-19.3013144992596,-26.1674767909263,-25.6626041732598,-18.7108407010672,-18.8654910332588,-20.8939323621918,-23.4392410192785,-20.2195606552042,-39.9178152295097,-22.1482849099725,-14.8535327836248,-10.9121373827697,-10.3017294365023,-12.8149752078662,-18.0920237436152,-23.0442953821998,-24.3103579381575,-18.4990572701357,-22.2304029932655,-22.5053218008027,-25.8148946822548,-39.2516712614281,-84.5031603868224,-39.2073349947086,-31.8991717891852,-39.4268778608601,-71.0446268650653,-52.9799520459387,-56.0537939261481,-35.6530452298718,-44.5181239786621,-30.3470731698684,-27.4655990431224,-27.0655328895063,-27.6461952467129,-28.4779645254137
-36.6457998337594,-35.4119245597367,-33.7249008428172,-32.2306841971844,-31.4711209161754,-31.2080271722807,-30.166175602222,-28.1945611444642,-26.6856068167066,-26.3983261990461,-31.4767301016451,-35.7220548061272,-49.1990497622363,-31.6727812262964,-30.2204975025167,-51.1075442974663,-38.5779576190913,-32.691310923038,-33.5818018832672,-58.3896756478535,-36.2216315075556,-55.2866898422338,-29.1463148708394,-25.076560546154,-19.8474444065472,-16.4371775511135,-21.9932243387105,-41.3672119722056,-24.4067866291956,-24.7038767733119,-26.7490449650559,-28.3444959452781,-23.8803172204128,-27.185071079461,-27.4755838569398,-16.2226417928666,-11.3405307041297,-10.174616909555,-14.3692788106265,-22.7450870417038,-28.9870798555426,-26.0022548197937,-20.9546282299034,-24.0680185421333,-28.0084125100493,-33.0008200051768,-26.1439709644086,-31.6000619594246,-33.2299986504603,-34.0117383188707,-36.8455156496759,-68.0189804968448,-46.2560277443419,-42.4904453781764,-32.5582250044539,-48.0945266228763,-29.8187331986795,-27.8811570776386,-28.8154508238273,-30.9201315228013,-33.1981850911832
-30.4453328179282,-30.3885012068377,-30.5008716777183,-31.098517992842,-32.4144183105988,-33.7985077743051,-33.3996735474295,-33.4239848725601,-39.987196776873,-47.5033765592248,-53.7333905436956,-40.3779460404081,-34.2463143780874,-29.613450954287,-31.4258261606428,-44.3688295535397,-32.9007345896111,-30.4882769916973,-39.500153045196,-30.8548401069344,-49.1033508976416,-55.0834968039546,-23.858925085846,-18.7569686086995,-16.5768933305839,-15.0224257299348,-19.8511075962766,-29.9011718265187,-48.2549979052673,-54.1343988176288,-54.9775045523136,-40.8398086116545,-30.4275135955195,-22.430188192465,-43.9822903040326,-17.7193526101232,-11.9398262032627,-10.6357241578495,-16.3859846650671,-27.5365698896757,-29.8731228809822,-26.0114545920712,-24.2787489642389,-35.0270411421862,-44.8989786821411,-33.5575329942924,-27.0395992161463,-29.7379533346529,-31.3376259077853,-33.1435789752464,-36.4855796948292,-33.9333124220393,-42.7714377298696,-62.5871902417335,-36.907961760198,-37.8745008307583,-67.4951563317345,-39.0858027467731,-34.2960535898935,-32.4758057399805,-31.8586976209344
-31.4847464003111,-30.1926460688493,-28.8286842984851,-28.0648446183231,-28.3905354013758,-30.2067058268761,-32.7885444023351,-33.364267388778,-39.4007773312445,-46.37771210025,-54.1725703643022,-43.772130095593,-33.9348895312443,-38.6274046583715,-34.6816380506669,-30.4071092249053,-39.6829657205712,-45.3918860477652,-51.2301162829052,-34.8214795749559,-36.8352868141268,-47.5075971458566,-21.3654823432449,-15.7926324523557,-13.9543530122796,-14.0743273919412,-18.2362368855262,-22.9220873180855,-25.538763387563,-25.2889099514032,-27.4962869736601,-33.8866291666577,-49.1580830156216,-19.471266627693,-30.2374629062509,-19.5632666818399,-12.6643083119012,-11.605059254412,-18.2388930868444,-31.936262185542,-28.0521584478014,-23.9582429634986,-23.6247853227211,-38.9844780325099,-54.7250295325919,-28.8344501280149,-36.2520334749816,-47.8863118621674,-32.8281362353681,-34.2500656988418,-38.152534031982,-39.1645045473592,-45.4821769099807,-29.0145246789187,-32.3437605703951,-39.6595199667701,-60.3563352270569,-44.1761935043076,-38.3558121814899,-35.7463511891044,-34.4765815323546
-40.0979873303309,-41.556724188109,-44.4470373419485,-46.4885290811622,-41.7740692003498,-36.9681397390916,-37.6976016402563,-47.4966013265133,-80.6921117799432,-49.4232455469287,-45.3300204120901,-39.0330064941189,-30.3527943292535,-28.9438190004238,-59.1218091757012,-33.6159930262776,-32.5933298674914,-34.5027047746904,-38.6204744534501,-27.7210206276428,-32.8951771384712,-42.2218830628014,-20.1752463916028,-14.3224743254614,-11.4717211245163,-13.2960489178773,-16.6492109918629,-19.0879708985925,-19.1731246413292,-19.1291231858681,-21.3342521729308,-26.0932228271837,-28.8371669314988,-17.3115504235226,-23.207280883443,-22.1848337441765,-13.5571324688675,-12.9436112087837,-19.0634512050531,-34.8062368967131,-29.1984941098944,-23.1249526917647,-20.5700707386662,-33.3645884154573,-45.3652391727599,-36.0037295342115,-34.4932276735924,-32.4087840524779,-44.8739772838839,-42.0876360965371,-34.6719132640949,-34.7541965973083,-43.68487863129,-37.4985755905263,-33.0775642826858,-35.850541149987,-53.0862627341085,-42.5939656457321,-39.3165778588337,-38.260208215755,-37.4297183838138
-43.3689497386125,-44.8849690906325,-49.0964526213006,-61.3188814986055,-65.3301390155737,-44.8928567891389,-37.6224724574312,-38.7539576463809,-46.9347497445658,-34.6170801106447,-31.3867137370922,-28.9776354370257,-28.9809303421464,-26.2226553909036,-29.2987075527182,-43.2075163448722,-29.2717386522606,-26.8943984838908,-28.3665838068915,-41.7538844684944,-24.7377781282848,-57.6517695896131,-19.3127901181571,-12.7949184902266,-10.0248347172152,-12.5241564528671,-15.01392571338,-16.3842131248934,-15.5070092251338,-15.5915367111124,-17.80391944235,-22.047700644593,-23.4431803655558,-15.6110426273115,-19.2832641780458,-26.5987818757405,-14.8006618819751,-14.5420318205367,-17.7860514265109,-31.004422538034,-34.0144229225577,-22.9290798259487,-19.9472226005136,-23.2769394528533,-31.6466724264744,-31.2633227815766,-40.7863750761369,-47.9940851920614,-41.1416991090693,-45.8608033385358,-58.47003909229,-37.738552647033,-40.5231027010772,-46.4430718677312,-34.268749302347,-30.3417804022607,-36.5402145862184,-44.0877306614153,-60.2344994418594,-41.2449194648637,-36.6595457405577
-49.2335027255648,-47.4816598574753,-41.3378677932498,-33.6387019704001,-27.7696195939761,-25.0243364323765,-26.5866176908892,-34.0537392129386,-47.2429309222422,-45.8407723123511,-40.8983619038783,-28.7069879595273,-24.9573805452834,-26.8675177215598,-28.5810575334824,-32.119373770734,-24.5708495124101,-23.3097754374411,-28.3757823483235,-78.849531749853,-29.5033498411831,-40.6483560124472,-17.4395242057357,-11.0070546688767,-9.63016504452906,-11.6496318852664,-13.4403508177181,-14.2662745338952,-12.9024640517693,-13.1230396017473,-15.3378546830063,-19.2970185088579,-20.3161220453222,-14.209545087273,-16.5415452563505,-37.9337104762816,-16.7197973527325,-16.2624446290047,-16.19535526608,-25.694961936232,-38.4957277388361,-21.8901708973227,-20.2705118411716,-24.6011765820412,-30.3604881599369,-30.8470774125138,-33.628101128968,-34.3944257965755,-33.6190751884895,-43.6604592340479,-64.0720820575227,-31.5057572242945,-32.0215667444867,-37.6540585609976,-29.3038468285558,-25.8126304061399,-29.0857117063591,-33.7273834985548,-38.3414522875559,-41.9060041191072,-43.2452333419366
-46.2924672410693,-41.8266572729882,-37.8321678943275,-34.8840599131031,-32.148483311051,-29.1775875850088,-27.6516023546448,-30.0006329768118,-36.3517832488879,-48.8026360448402,-33.2600708609494,-37.4733137721659,-24.4161357807524,-25.0693600834251,-30.0947228786123,-35.0737880823319,-21.6688155192461,-24.3157516774068,-27.4317130010671,-36.335875388479,-33.2978260384963,-24.0224474704886,-14.3393447860876,-9.45821144159828,-8.90058023714111,-10.686882780823,-12.0427511929902,-12.4898408031719,-10.8699931791014,-11.2469368654034,-13.4554567022305,-17.2114305212726,-18.1736121089627,-13.0368781925034,-14.4543033832579,-32.8564723652953,-19.9233634022345,-18.1684436693512,-15.7579891245852,-21.1147413301919,-35.2080802130424,-22.2230550797899,-20.4796008650257,-29.4602564363263,-33.9095467979551,-39.4663317837784,-34.2114589716311,-28.887162664548,-27.6383568300108,-43.282164739662,-42.5197666455762,-32.0980666184497,-26.059764444457,-28.4016758217587,-29.9694225407431,-32.0279610307745,-35.9511634166822,-43.9044875959669,-65.5867607172571,-72.8287457173321,-51.9229331770727
-40.7332686632106,-35.9330339082589,-31.1240005399339,-27.7086286525286,-26.2168683589169,-26.0727587997597,-26.1343832116663,-27.8079510487654,-33.554057939298,-36.6050327902689,-30.5426102210143,-24.1105337455774,-21.36662506034,-23.3831658245577,-26.5085395046657,-30.5542882574519,-21.2304907037182,-24.7381566650787,-31.8369456326084,-34.0051448154826,-22.463578802478,-16.0729588682949,-11.3324038886954,-8.25798436611623,-7.86273929580298,-9.79067876877951,-10.849482809474,-10.9242978982533,-9.20039162023882,-9.75330407807857,-11.9446481572182,-15.532128611536,-16.5863649080559,-12.0730295102096,-12.8139896988255,-24.7835661928412,-26.4156158139739,-20.8988755644196,-16.1730155999212,-17.4001209098363,-29.809690486727,-25.3885221628456,-22.6965025204207,-27.5294188025503,-47.4558052662366,-28.4678158993429,-26.6940505589505,-24.4757546257275,-22.8832637180685,-29.9086980881641,-33.5716695606521,-29.9043379880616,-29.1979894683056,-30.963948638021,-29.3646015634657,-30.1795686658847,-40.2364284325368,-45.0546200274207,-44.6976633270649,-52.7747834407656,-39.9598106755453
-68.5686675974022,-44.3230821505619,-34.5348616653073,-28.322732984667,-25.577463129235,-27.39108959884,-31.4547811569582,-30.265057516699,-28.0944623269214,-26.1259034308752,-23.8516771284635,-23.3578519556224,-22.7396106874056,-22.4539417719713,-24.1656120447724,-25.1531098642735,-21.1414920257276,-23.37243086427,-33.9257208788739,-24.6282881076402,-17.1113195836807,-11.6942510943108,-9.07420302244411,-7.26750879143225,-6.84517036846579,-9.08752140428209,-9.82536064530115,-9.50377078132803,-7.78947736275157,-8.53110065682547,-10.6928765030737,-14.1270959649512,-15.3500730491988,-11.3182837919205,-11.526339800748,-20.7469230800266,-38.1707461111283,-26.1484453265686,-17.576212798765,-15.3231229444647,-25.6433462734811,-32.2483621018529,-25.2497576693303,-24.2055532809984,-60.4097042335775,-21.7875219199603,-22.2466510767696,-23.9457130802418,-25.5278740614713,-30.7666582596948,-31.6886450387207,-35.9118789153853,-37.4099266794654,-35.3897277957214,-28.5936895869855,-26.4238474709182,-33.5590782868308,-66.2212309724881,-48.1427291670219,-35.3107652318452,-32.9937444016845
-47.3039463819117,-37.0098519497633,-29.8683609530919,-24.6566601551558,-22.1384535173679,-25.7336769791685,-44.6752653924477,-47.6370839453998,-56.7023708488126,-47.3075413576339,-36.8361856622017,-32.7967442379689,-28.5783485639923,-24.717413845085,-24.4915405469068,-31.1854186739051,-22.0038634899983,-19.6414016662222,-24.7305715153028,-19.1717538152728,-14.0038905588251,-9.64900256040018,-7.48938100740793,-6.4235515548428,-6.27260195383084,-8.60528146382595,-8.9257907238713,-8.20560045153712,-6.58124346485123,-7.51442393524569,-9.63315351682866,-12.9198986251716,-14.3421637041083,-10.779426843364,-10.5299602301162,-17.9278478214394,-22.1243816665541,-58.6888622122338,-20.5432520633827,-15.4122530208787,-22.362231122436,-45.1685300179242,-25.8399992189723,-19.8099144708735,-32.3681384565445,-20.5482332442033,-19.1736743073135,-20.8434620661674,-24.2651152253771,-23.7097951651624,-23.4091017761214,-31.8464451962932,-43.5070347362572,-42.4071574857152,-39.1924081078571,-32.0402043249153,-34.2059244395631,-36.1934894788961,-34.5206134571151,-32.9179265600268,-32.3164892764057
-39.8559766466737,-40.5269129941056,-45.1577384141429,-58.5184059047945,-40.632931652335,-34.9797035873941,-35.3587042359721,-76.8532950814585,-38.1185157321731,-39.1805967577004,-39.9301328261518,-30.8426070383823,-28.3823054175633,-25.6216399839184,-27.6328010599506,-29.8960537591702,-21.894883493298,-20.1948566778733,-20.7475859541425,-16.7595256887408,-11.8380545318365,-8.40928237906141,-6.30614841888634,-5.59710150710083,-6.11599659249245,-8.25092175547087,-8.11275883536607,-7.02915949295289,-5.54238955399984,-6.66073064207629,-8.72233555151935,-11.8623492457418,-13.4822232597071,-10.441487043782,-9.77709326181144,-15.5955003719612,-16.6165173288541,-26.027698739133,-27.4782254132256,-16.9657828225825,-19.5596810696049,-52.4072820586643,-29.1997849747247,-20.3981711318553,-23.7506988740301,-28.9089991257104,-21.3160403001759,-19.3435836078873,-21.0346688598375,-19.2417877115658,-20.2655417495795,-28.3989628806826,-50.1105971845873,-37.9747470054339,-46.1058550852872,-39.2197860300401,-29.7018447027177,-26.5623271404493,-26.6662093301736,-28.0226897952361,-29.5411022696217
-41.6095133859941,-46.534856440198,-49.1633629149377,-36.2889463694209,-32.2383755108395,-33.3547817986158,-45.2080000011165,-43.8055319658564,-48.4025982183725,-45.6756789940072,-38.7217894670065,-31.9288589755098,-27.3839525550638,-29.0301431435654,-29.0993929119163,-26.8487640046825,-23.3390127346785,-23.4091166261285,-17.9302484262157,-14.1404055409135,-10.3004186736614,-7.71287475880106,-5.51650138820659,-4.86350587043921,-6.02206552624688,-7.83492447730359,-7.3460877407509,-5.9781424153264,-4.65232050885645,-5.9407016818889,-7.93097820829487,-10.9221573780441,-12.7144292405867,-10.2710206527998,-9.21681727333073,-13.5374621367848,-13.2962428395794,-20.1888078183619,-37.2817997721223,-20.5298878283825,-16.8784691400789,-31.2911400670797,-35.3122433522247,-25.225825987589,-22.0911487467367,-31.3011764421302,-19.2135663626713,-17.2978771004493,-18.6140170154393,-17.9491194387774,-20.3626932810961,-26.5789765443041,-34.3219837105524,-62.6414424821501,-41.0804553447021,-45.3177835166644,-42.0689169135868,-34.7138762995922,-33.2115388395976,-33.3290311758759,-33.8432840786687
-55.7326217057107,-47.3058917728046,-34.3098312382595,-28.6930244679156,-28.0989847494326,-29.2684933911584,-31.7473062418807,-40.0435146773517,-41.4884504496229,-54.5968336036626,-37.7987224389065,-29.7537129483445,-26.221948020942,-33.4806958617566,-24.9036830315444,-23.1271270920457,-20.2953192742832,-20.1331529943245,-15.3478725463091,-12.1189221191475,-9.30885019961318,-7.27298940137022,-5.28066450649111,-4.4313090983688,-5.81736619501783,-7.2227713622824,-6.58972644216098,-5.05090398730542,-3.89556101078537,-5.33296084164954,-7.23807308911871,-10.0766844006087,-11.9989344806944,-10.2258917771018,-8.80986381875536,-11.7361010450358,-11.0059069068898,-17.1531021599674,-24.1203230110104,-27.9311225896496,-19.720414413419,-23.0584208986021,-34.8292423182118,-31.6684842174899,-22.6024491192814,-36.3626722002253,-21.9411235022423,-19.3806987939864,-21.2590355150446,-20.1104074768656,-21.411055996678,-24.6122379542086,-27.3362610519316,-36.2621829241336,-70.7102993886166,-44.1481504144987,-37.0026706307369,-45.8654405909208,-40.6250741871747,-34.0700694684721,-31.8572247411044
-39.6487843163135,-40.7118765357712,-50.2115979630804,-41.4461552622028,-35.2031266087282,-35.3124356320376,-40.1509467896635,-46.2675325681452,-48.1034852723832,-50.9080515793476,-30.0506930459449,-28.7961381077567,-26.1465159606985,-26.8701771353484,-20.4950371290828,-20.502085689382,-17.9154681686983,-16.1366616491852,-12.517625874332,-10.1884779760031,-8.29897628433449,-6.83849812416092,-5.2931997846691,-4.53133595859056,-5.48931808965554,-6.44563430080052,-5.82656254788269,-4.23808393072738,-3.25825802521449,-4.82104874499549,-6.62809216911354,-9.30950438592004,-11.3074369394866,-10.2513021232414,-8.5233177145394,-10.2164143524515,-9.29444454503245,-15.0674585351763,-19.6238179532405,-38.2201536004492,-28.2989585805754,-30.2385375661104,-29.588013389143,-41.9282768585166,-25.2537085412661,-26.8851167218513,-28.1665984899436,-21.2139897539895,-21.7698284678258,-21.1685619673628,-19.6847172134774,-20.0022850754624,-24.4914590063841,-34.6275756085831,-57.0391199050534,-54.8528187629169,-40.5970601962521,-35.9131006070404,-34.566891566159,-34.5152611583659,-34.7940565064245
-29.2443815803558,-27.4098524994937,-25.3998291609233,-24.5566857821007,-25.7278939350861,-28.6025175356007,-29.3770965520213,-30.0022022493198,-35.016911306409,-43.4488001551034,-25.324735980216,-25.1627049517919,-26.8417369278546,-26.9184760678706,-24.5394288250233,-21.5366304619805,-15.5349810284822,-13.8648995346074,-10.277517323836,-8.52096780313909,-7.35494283604908,-6.45451245058166,-5.41348538353013,-4.76602202865369,-5.11698690542019,-5.60783235518531,-5.05242199890714,-3.52381506158983,-2.72859094148433,-4.39169879186008,-6.08922473669854,-8.60838026516039,-10.6209968715651,-10.2858875385634,-8.3369538173244,-9.00146563861972,-7.95689612202764,-13.1143272056898,-16.2581415379692,-22.9738263329629,-32.1438937798985,-38.7908701088205,-28.9588353765367,-57.5022413096509,-33.1113276665347,-27.3137437279094,-34.0742780353263,-23.1608363282225,-24.7768103599148,-26.5869695252096,-21.1982895016876,-18.314154797163,-19.9921297050957,-23.5440594126357,-25.7638392065205,-28.7316878180396,-31.377456496116,-29.3960412442117,-27.2961928509978,-26.4610519002144,-26.4124647024232
-27.1060713122011,-26.0823165432066,-25.3193163189361,-26.152693164481,-29.5718279964509,-32.6111279710301,-29.5448345621371,-30.5850583359444,-34.2091702812161,-28.4693388353378,-23.4186310190951,-23.5751367648096,-25.694246750921,-27.1049645782547,-26.4543923991892,-18.5250697833115,-13.1861439879438,-12.4632300311991,-9.10489848758471,-7.28967856070372,-6.45537226308906,-6.15555437596382,-5.53447070028162,-4.9158085340644,-4.76853076834301,-4.7818213623526,-4.26757820853855,-2.89085522834945,-2.29417191803392,-4.03376867762293,-5.61227224611784,-7.96400729829895,-9.92960384414259,-10.270310373802,-8.240760075906,-8.09619521996072,-6.9285836927976,-11.1056843192283,-13.2508682980299,-17.1048928383148,-21.4366821406213,-28.5895675912875,-28.4534131291625,-31.7232037062076,-46.7850595693817,-25.789552737362,-34.5462938747455,-32.3832070531406,-36.6587538436326,-42.3561012183613,-26.2653145606949,-22.5639616425393,-27.2676045496248,-34.4742411700774,-28.8905344495682,-26.7580866299795,-26.9385142111561,-25.8557696115699,-24.7172784341927,-24.5417576294325,-25.1132108411801
-42.3135794235777,-41.3498877759403,-42.0196065860281,-47.6582532443814,-44.8499812544757,-30.8508087814227,-25.5729942690777,-25.7653785932299,-27.4841369986429,-25.38715244396,-23.0775262100568,-22.5098717743983,-23.3669070195737,-22.7829411486954,-18.6374848507245,-13.4990166309449,-11.0347102682524,-10.1092082536041,-7.98346189865207,-6.35119387497851,-5.65805333391233,-5.95465001863643,-5.57541467228273,-4.97952462841184,-4.47053360186081,-4.00131612258875,-3.4765518443367,-2.32412614393999,-1.94252758779243,-3.73755076787184,-5.18992599801994,-7.36919739044089,-9.23042969523397,-10.1602006095027,-8.21999713719087,-7.5030022838686,-6.22945489320145,-9.33793400082477,-10.9216994393424,-13.6766624260718,-16.767758730801,-22.873689727694,-44.5435865693782,-34.5889908378322,-43.1100297805825,-29.2988335152482,-33.4279745605412,-47.5442188311505,-45.0202859043506,-47.7550948288367,-39.7293412310406,-28.6826231458153,-30.68910402346,-36.0565298406895,-31.7785775137413,-30.7082102957526,-32.2869467129863,-32.804008257922,-31.8944308243752,-31.2741269482472,-31.5277100916011
-32.8773484419132,-31.179440279168,-29.3308025921023,-28.3433841088589,-28.5023305069152,-27.7354279834356,-26.9366919262095,-28.3864461301891,-29.4090184332221,-25.297539402317,-21.7926501828873,-19.7285139549768,-18.1595001450358,-16.6926606001962,-14.8778296455989,-12.5155814515851,-10.2261906509168,-8.49917772702403,-7.22711660141304,-5.79724872396922,-5.21218134754751,-5.97023970748583,-5.59324897871794,-4.98783498651133,-4.16260464501144,-3.27829983033408,-2.70052570907782,-1.81506070680234,-1.66309411171756,-3.49440331076711,-4.81628449584505,-6.81832915304525,-8.52596071930988,-9.92906315521189,-8.26186114168596,-7.15804139687791,-5.86436808176059,-8.11697041929111,-9.3853375717387,-11.4840537310515,-13.4768938036492,-18.0577348896458,-22.7315016246267,-26.994702952538,-31.864792329215,-39.0489330301306,-42.9782644910896,-41.7555652654076,-76.4782675530838,-42.4945632934333,-58.2998599614556,-29.1452201846709,-28.7572600805341,-46.9277944290191,-33.2965613269299,-52.6039154925879,-35.2585879593328,-31.6609111959151,-31.1264444151758,-31.5217777240154,-32.1506994666849
-31.4339784993183,-33.1699147025115,-36.7730540019583,-39.6886083805863,-34.9465348565323,-30.0713556017182,-27.9213129372502,-26.1305607680956,-23.2340721794558,-21.1726067775336,-20.1717248712133,-18.2550148289511,-15.9124758567217,-14.2025177629974,-12.2723510074757,-11.1225426724701,-9.64589592393258,-8.31313988775855,-7.42984237348909,-5.96522534602025,-5.19478439947788,-6.16814183629705,-5.49017954628457,-4.80215626038165,-3.74326280975922,-2.61091666064765,-1.97760055177136,-1.36253170331328,-1.44628358930464,-3.29670043018031,-4.48651752719009,-6.30696483932397,-7.82210627665992,-9.56620831158217,-8.3427387542983,-7.10557203123679,-5.98863823533937,-7.50732149397132,-8.4424205348833,-9.90103158617217,-10.9335740201552,-14.6427940077384,-18.1444954494331,-21.1137738746991,-24.8807644290179,-43.0463991937546,-59.7261291123297,-64.3285199537533,-31.4552907867362,-30.9006295626072,-51.3371290808536,-33.0745375065115,-38.8228338067406,-40.2992235005078,-46.5421872645504,-51.7777378027172,-60.07015480833,-42.4609285102647,-36.1722445450929,-34.193064514352,-33.8351728436477
-33.8425378702222,-34.0398110666472,-33.177712321958,-30.5799148433618,-27.9728748834688,-26.3470718666954,-24.3506091962951,-20.7545539314897,-17.7215513574945,-16.3000179021939,-15.6499142787939,-14.3109370549283,-13.2838546267694,-12.2188361971851,-9.71741841560024,-9.19796786767034,-8.72256235528302,-8.36442304118988,-7.88283582974907,-6.59743998575165,-5.45495144661245,-6.18534427218241,-5.03893996378378,-4.27598917055772,-3.20049289692197,-2.01227142869796,-1.35409383258276,-0.973130856688769,-1.28495096297837,-3.13756631258724,-4.19662712515978,-5.83157840782532,-7.1258582165153,-9.08285612189964,-8.39090382898678,-7.82776573526766,-6.59278481434649,-7.38973179127113,-7.95783048639757,-8.85133095121829,-9.17463104540353,-11.9841154085939,-14.8706130068344,-17.0071279471382,-19.6403319834328,-28.7219904715429,-37.8140486060141,-31.467185235393,-28.9920210398435,-32.3397078312926,-51.3212371176524,-31.3215165426571,-34.9426252146704,-33.3384166371126,-28.2684086731777,-27.6439937174274,-29.9469200095984,-33.5019145204466,-36.9279789956187,-38.7861719115442,-38.9801986396408
-32.2555115110228,-30.4994097073461,-27.9613105399074,-25.0562928340833,-22.1264947485538,-19.5620014474201,-17.8366987698458,-16.741731303514,-15.0523972430614,-13.1608002540863,-11.9218153853676,-10.9356219869722,-10.3537005116508,-9.50446082940861,-8.60732955687645,-9.11941224713294,-8.74072094646331,-8.24531666087572,-7.89968475801011,-7.07986343613425,-5.68014858911204,-5.82585905277278,-4.38389819835415,-3.5267096535643,-2.63517914411753,-1.51786880535749,-0.870584546856321,-0.657044046634908,-1.17448746952546,-3.01073243931937,-3.94327415853178,-5.38938105934356,-6.44470934707776,-8.49813491096646,-8.32098283970615,-8.41952574407107,-7.28340995032656,-7.64992575155166,-8.01511000886582,-8.43858770145671,-8.08849792184859,-9.6148384734997,-11.6868975210976,-13.2424883031307,-14.3441255505942,-18.0685514137497,-21.2491515798468,-21.054058420788,-26.3874477550517,-46.8243979672693,-34.8877949086955,-31.4701090146429,-29.8412573309648,-26.6474081094309,-24.2543836201885,-28.16248848765,-33.9245887268467,-39.7390644105524,-42.9553848756782,-43.9581438014958,-44.8021435220306
-25.0006185489084,-25.0538451941715,-24.2118361127281,-21.8112275904646,-18.7083158117562,-16.3074811422196,-15.2272899896383,-14.3873054964023,-12.2171596828674,-10.4099176370174,-9.97427224831696,-9.81273402579092,-9.32331217305668,-8.67104632680415,-8.80790726604027,-9.33487472664524,-9.18709229259713,-8.09847213328266,-7.76193435059605,-7.09326823613834,-5.55511788878395,-5.24051850553191,-3.83123124741813,-2.79597729220364,-2.16406110367276,-1.15993486302457,-0.55037237892023,-0.424669762570574,-1.11238130929455,-2.91060627199023,-3.72365017262317,-4.97816217140752,-5.78627920826699,-7.84150037230458,-8.05598403813741,-8.53604187489869,-7.77117561817333,-8.2659141102813,-8.68739446800117,-8.46979076837223,-7.39690873290044,-8.03552136924969,-9.97786584674893,-11.6544045444059,-11.9825889306921,-13.6194502133324,-15.6589207994808,-16.0518697867012,-19.5146446638393,-23.9328584912342,-27.8109837623745,-49.4642305220202,-32.8218409937628,-31.4846081041956,-30.5905655848702,-27.6112930895899,-25.7780061095007,-27.3042249713347,-32.0416203090794,-39.2726330940628,-52.2839997820792
-23.2892936841785,-23.1729899924298,-22.4647217270311,-20.6814934338534,-18.357334336291,-16.4982422212077,-15.2104069315937,-13.4543439754444,-11.1925948427217,-9.84015283104674,-9.6039347113305,-9.22696998623853,-8.81701053603504,-8.70773497332299,-8.4980966324808,-8.32692436039895,-8.7880004212123,-7.77082436528559,-7.66068431194397,-6.66590154500639,-5.17281397034601,-4.52194685844199,-3.30641013645176,-2.17230153429551,-1.83192621777776,-0.947841403871564,-0.396094108377056,-0.283345647241418,-1.09783853155149,-2.83297317103191,-3.53538107350516,-4.59615692246835,-5.1573595359047,-7.14248185368834,-7.60314083158457,-8.20992548944579,-7.93330554112336,-9.19351478052751,-9.77196756271287,-8.47418392375374,-7.0354412934406,-7.69253206927324,-9.72475139081338,-11.1703999697014,-11.345659774955,-12.2584719448836,-13.9152574234028,-14.6789429902311,-16.1338013485997,-18.2423341279513,-21.023784990991,-31.1245887614888,-33.6957405113276,-34.4014544571143,-46.7411556618971,-38.7590939967496,-29.8906211874363,-25.5451633122234,-24.2641600609551,-26.5332528270186,-30.9444243280306
-23.7507937056918,-23.4004667250583,-22.453356187058,-20.7235022198951,-18.7792171253275,-17.3096698839665,-16.2105975960376,-14.5196889988897,-12.4377856062461,-10.8930451855266,-9.88797541866154,-9.4346507925508,-9.24319237148723,-8.78103023439066,-8.07823818506429,-7.88006819791339,-7.85829171717276,-6.77360244492814,-6.61235378811219,-5.58936390115815,-4.56277759911343,-3.79413692609309,-2.56981746125417,-1.60761722394999,-1.60874711578523,-0.869626246717644,-0.39273851917882,-0.23618543556131,-1.13158103701456,-2.77456384953419,-3.3764536245872,-4.24195581667497,-4.56270205228503,-6.42548462450527,-7.02370704103777,-7.56306018458947,-7.72934094683102,-10.1339212263921,-11.0703970463659,-8.94309818541561,-7.11399975155618,-8.31856457977322,-9.82252143963284,-10.2362250435146,-10.560025660474,-12.0535311389028,-13.88540001768,-14.6639766482555,-14.4996431681098,-17.4572403651448,-24.7338030830864,-44.1122174770721,-37.3227324812574,-47.403646560686,-37.3959514173978,-32.6414919084035,-31.6323101150098,-31.8439275294351,-33.128296649459,-35.4465615003765,-38.489117904238
-24.3187936617192,-23.4915251454958,-22.3977683444447,-21.7465403082417,-22.5407503926969,-24.357556469621,-20.8920777303181,-16.3280039828971,-13.8824359311328,-12.2159779142475,-10.7261437688374,-10.0754607915694,-9.29020325161203,-8.16552367716596,-7.73570034285952,-7.47494711731861,-6.44495511131609,-5.41572185178678,-4.7921982357019,-4.09585634038008,-3.8875089717944,-3.22919134432971,-1.75162350830229,-1.13537240519068,-1.45355660476311,-0.907250413473832,-0.514020225570974,-0.282232663726234,-1.21413142279036,-2.73267079830873,-3.24515854999545,-3.91443455974699,-4.00618109015596,-5.70966707303278,-6.38068440101949,-6.74861446074632,-7.18794987156726,-10.3188512371221,-11.6532619599941,-9.35241610964667,-7.8220311362542,-9.15446458332175,-9.85627937223239,-9.52226718527996,-10.1440048411832,-13.1942235747767,-14.8168797814476,-13.8718958770403,-14.3941652748116,-17.5161569993653,-23.8835007762583,-38.3293870001522,-40.4564819947441,-51.4975103880675,-28.5819683840843,-23.8022710747335,-22.721547967353,-23.1754297357769,-24.1337521599607,-25.1360706737511,-25.9849165000621
-23.852241905107,-23.8807610964884,-24.2843975431279,-25.4110376095898,-25.687040873683,-22.0997799475887,-18.1592062668706,-15.9098908248345,-14.3381435423985,-12.3077747923564,-10.7265730596325,-9.76589839936086,-8.60593917047748,-7.51406805516834,-6.92772611084371,-6.04140691225072,-5.11382342656711,-4.48013593266523,-3.56786366737344,-3.13596344326507,-3.34970390147748,-2.89209473970104,-1.23621945010117,-0.937726459819714,-1.39303702138116,-1.05028517673648,-0.731045064180762,-0.418140284832731,-1.34561674478448,-2.70528586121064,-3.14004591086258,-3.61269999308408,-3.49103901523902,-5.0074917049654,-5.71522051294582,-5.8725988019546,-6.3973786201289,-9.35664261205312,-10.764176603469,-9.15264678512764,-8.33902159522114,-9.75907241815534,-10.622041100973,-10.5289936045402,-11.421889396525,-14.8323499076317,-15.4840701783309,-14.1943391045773,-16.4916016946089,-19.6563272981089,-25.6587882528205,-37.576206428923,-42.6374833057787,-29.0739750686291,-25.7181919332847,-25.4171241352101,-25.0505436741703,-24.0791560611071,-23.4336107934596,-23.3211443140448,-23.5126285479245
-26.0983127129598,-25.9365734820478,-25.389164449122,-24.1501033906146,-22.086503521935,-19.3213290920482,-16.3858199390129,-14.0410490909308,-12.4973133233136,-11.1216569658517,-9.6113460140851,-8.45605420271511,-7.57455883026716,-6.77132116522371,-6.17264896877074,-5.30359113962686,-4.55045252094293,-3.80756923558103,-3.07291461550238,-2.97853486263432,-3.2247046369295,-2.81742554761544,-1.25786400070565,-1.17429028880636,-1.51593757749792,-1.29789999032775,-1.02034526604758,-0.64013454277702,-1.52487282259557,-2.69191690313676,-3.05988969071933,-3.33604859388819,-3.01922499394762,-4.32699943285255,-5.04746259128345,-4.99305640412643,-5.46677441735163,-7.74397645370621,-8.92905839312223,-8.21268016414059,-7.62735877126283,-8.86148131141903,-10.2168606193024,-11.8348698209273,-12.915758573962,-13.9274045213177,-14.3861992894944,-14.990013522807,-19.3207982015263,-24.1733253341763,-24.7795225916934,-25.2315853967777,-24.1967650709747,-20.0694294444909,-19.4207867178797,-20.5636743885305,-21.2709359437847,-21.1476202474537,-21.0519683901138,-21.2104005303008,-21.4477239355577
