0.0001316814+0.0003142221i,-0.0002796135+0.0002792703i,-0.000961312+0.0008221177i,-0.0004038632-6.40622e-05i,0.0005699214-0.0007218045i,0.0002345225-0.001027425i,0.0007378975+0.0003559676i,0.0006631783-0.0001622274i,0+0i,-0.001172583+0.0002370706i,-0.001654679+0.0002630855i,-0.001013895-0.000881589i,0.001681163-0.0005567381i,0.001152468+0.001221941i,0.0003878597+0.001616858i,0.0002561521+0.0002046275i,-0.00065098-7.079172e-06i,-0.001282773-0.0009532864i,-0.0005445589-2.25497e-05i,0.0005013146+8.119035e-05i,0.0002405863+0.0009660444i,-0.0001720848+0.002135498i,-0.0006762904+0.0009243686i,-0.0009093667+0.001659011i,-0.001825103+0.0006583582i,-0.001235363+0.001392034i,-0.001678872+0.00135775i,-0.0007896622+0.001125597i,0.0001133644+0.001669129i,0.0003541655+0.002020843i,0.001530742+0.0009986283i,0.001597804+0.0008268172i,0.0005497017-0.0005703153i,-2.372974e-05-0.0005568053i,0.0003200692+0.0003309077i,-0.0008564295+6.932274e-05i,0.0005720005+0.0001137172i,0.0007019595-0.0009972107i,-0.001294412-0.001160076i,-0.001962872-7.196509e-05i,0.0007463515+0.000783539i,0.001621248+0.0003289225i,0.0006973146-0.001332299i,-0.0007781644-0.001784675i,-0.0006453812-3.44793e-05i,0.00120738-0.0001866552i,0.001774127-0.001836917i,-0.000339551-0.0006785587i,-0.0008734243-0.0001994218i,-0.0003239681+0.001331172i,-0.0005729367-0.0009751501i
0.0004302898+0.0004187999i,-0.0002240537-0.0002821987i,-0.0003995839-0.0008410797i,0.0008443101-0.0006280594i,0.0004752108-1.473254e-07i,-9.589428e-05-0.000316431i,-0.0003228671-0.0001390885i,-0.000628776+0.001805124i,-0.001434646+0.000981354i,-0.0001381709-0.001416084i,0.00120634-0.001407825i,0.001517131-0.0007649638i,0.0001227522+0.001330223i,-0.00124665+0.0007598225i,-0.002092054-0.000370154i,-0.0004818586-0.001716337i,0.0005419301-0.001724256i,9.914368e-05-0.0004358879i,0.0003400148+0.0009387596i,-0.0003234485+0.0006767966i,-0.0007214283+0.0006081455i,-0.0007916987-0.001576032i,-0.0009289231-0.001525691i,-0.0004297511-0.001778957i,0.0002599234-0.001430593i,-0.001105016-0.002276276i,0.001135466-0.002288934i,-0.0006342308-0.001253842i,-0.001117098-0.001145988i,-0.001299635-0.000420662i,-0.0009905386-0.0002001773i,-0.001064659+0.0007705856i,-0.0002165347+0.0002738542i,2.67061e-05-0.0007449924i,-0.0001169815+0.0003838006i,-0.001307306+0.0005752559i,-0.0001763969+8.559886e-05i,0.002420789+0.001106181i,0.0003775358-0.0008746066i,-5.479355e-06-0.002156782i,-0.002467173-0.00033483i,-0.001405674+0.002216624i,0.001146982+0.0006282201i,0.0006503991-0.0008454259i,-0.0003820418-0.001771557i,-0.0008603454+0.001672987i,0.0006201828+0.001695051i,0.0001238062-0.0009009448i,-0.0003337284-0.001157538i,-0.0003228649+0.0001084881i,0.0001167116+0.0009710135i
-0.0009349172+0.001286089i,-0.000178416-0.0006998545i,0.000515687-0.0003310335i,0.001457845+0.001247045i,-0.0007005298-0.0001924281i,0.0005986104+0.001565161i,-0.0007559001-0.001088513i,0.0003188327-0.001843903i,0.000484993-0.0006073728i,0.001957207+0.0004740256i,-0.0001730358+0.001260147i,-0.001289023+0.001989264i,-0.001415931-1.634716e-05i,-0.0006078712-0.001514888i,5.630339e-05-0.001678021i,0.0006198845-0.001320195i,0.001113602+0.0001783032i,-0.0001187139+0.001271312i,0.0005270686+0.001820293i,-0.0007738249+0.0002482808i,0.0008473784+0.0002107719i,0.001327646-0.0004846306i,0.001171805-0.0001594071i,0.0006948918+0.001084571i,0.001079054+0.001630169i,0.001247015+0.001155099i,0.001092372+0.002115237i,0.001731848-8.281976e-06i,0.001793203+0.0005407003i,0.001776817-0.0006855752i,0.0005170007-0.001055062i,-0.0006926266-0.001678303i,0.0001376692-8.366396e-05i,0.0004680927+5.174634e-05i,-0.0007055289-0.0008067672i,8.053479e-05-0.0003291205i,-0.0002283711-0.000272305i,-0.0005696825+0.0003522529i,0.000825362+0.0001688065i,0.001270144+0.0007890389i,0.001023674-0.00114211i,-0.001017993-0.00174719i,-0.001402494+0.0007270348i,8.483523e-05+0.0009053514i,0.0008990575+0.0003858312i,-0.0004263832-0.0005980371i,-0.0002442437-0.0001992647i,0.00150929-0.000550593i,0.000231811-0.0003497407i,-0.001232173+0.0001295951i,-4.619499e-05-0.0003758743i
-0.0004353832-0.0002094972i,0.0005755453+0.0001861531i,0.0005027452-4.408326e-05i,-0.0007623843+0.0008791037i,0.000200236-0.0006661816i,-0.0001744355-0.0003212921i,-0.0005294911+0.0003205214i,-0.0002268277+0.0005536503i,-6.42007e-06+0.0004627782i,-0.0003534099+0.0006364604i,-0.00161585+0.0004878755i,-0.00143263-0.0002276345i,0.0006621433-0.001288218i,0.002089128-0.0004844331i,0.001139309+0.0003664221i,-0.0001982544+0.001384307i,-0.002340971+0.0006096277i,-0.0008361747+4.139943e-06i,-0.0003434499-9.383422e-05i,0.0006057755+0.0003176278i,-0.000823411-0.0003964595i,5.029201e-06+0.0003555659i,-0.0001764245+0.0007800431i,-0.002212297-8.226695e-05i,-0.002462661+0.0001184084i,-0.002489877+0.0001106264i,-0.003024422+0.0005693099i,-0.001702219+0.001719091i,-0.001034676+0.001712846i,0.0001785433+0.00120773i,0.0005958868-0.0002507336i,0.001271575-0.0009734288i,0.0001499307-6.565895e-05i,0.0001953455+0.0002684567i,-0.0007233034+0.001019537i,0.0007996504+0.0003940682i,0.0001609821-0.001602975i,-0.0003649677-0.0009205985i,-0.0004359391+0.0002157508i,0.0003072658+0.0008765644i,0.002159108+0.0003230442i,0.0007367929-0.001092857i,-0.001059438-0.001539805i,-0.0007410417+0.0003290618i,-0.0004392931-0.0001829821i,0.000472153-3.460112e-05i,-0.0003753428+0.0003936506i,-0.0007542158+8.078676e-05i,-0.0001686361+5.808153e-05i,0.0008330458-0.0006653664i,0.0002358995-0.0009740678i
0.0005925394-0.001283394i,0.000594525-5.070394e-05i,-0.0009764372-0.0003111851i,0.000515635-0.0002674173i,0.0009150981-5.715623e-05i,1.970571e-05+0.0009659065i,9.111462e-05+0.0003129599i,-0.0002935209-0.0001962536i,-0.0007956594-4.255778e-05i,-0.001320676-0.0006962502i,-0.0004426312-0.0009691637i,0.001979629-0.00158967i,0.001773524-0.0006664749i,0.0006444948+0.002119688i,-0.001997933+0.0007367841i,-0.001263979-0.0002084922i,-1.652753e-05-0.001959737i,0.0002972383-0.001173611i,0.0004658615-0.0009331796i,0.0003733322-0.0002927662i,-0.000169783+0.0006810676i,9.939153e-05+0.0003497048i,0.0001513129-0.0003102756i,-0.001117015-0.0005641406i,0.0009996721-0.001682744i,0.001456205-0.002376874i,0.0003339225-0.002820287i,0.0001232477-0.001608055i,-0.0005955289-0.003052584i,-0.001800624-0.000939489i,-0.001619506-0.001549351i,-0.0005541624-0.0001286449i,0.0007494096+0.0006410312i,0.000380187-0.0009650697i,-0.001188668-9.075412e-05i,-0.0008436855+0.001001481i,0.001523042+0.0009135308i,0.001558615-0.0006918828i,-0.000293482-0.000257828i,-0.0009470807-0.0004525533i,-0.0006586506+0.0006966947i,0.000815922+0.0009775282i,0.0007252033-0.0004318071i,0.00154469-0.000314464i,1.202792e-05-0.0003511152i,-0.0003921842-0.0005713991i,-0.0009330484+0.000236589i,-0.0002827329+0.0005822623i,-0.0001994993-2.653311e-05i,0.0005552044-0.0003619121i,0.0002122116-0.0002808674i
0.0005013818+0.0004018336i,-0.0009428904+0.0004778749i,-0.0003982641-0.0006670622i,0.0007223293-0.0008212296i,0.0007197669+0.000348872i,-0.0001311446+0.0003396776i,-0.0008444258-7.674792e-05i,-0.0002159243-0.0005810502i,-0.0006068995-0.001115433i,0.0004477848-0.001125812i,0.001559373-0.0007051249i,0.0006613209+0.001749006i,-0.001188569+0.001788721i,-0.001985411-0.001009114i,0.0003158252-0.002511514i,0.001343025-0.001295271i,0.001008481+0.001562375i,0.0003097063+0.0001705398i,-0.0006321381-0.0001238217i,-0.0006733673+7.45277e-05i,-0.0006818163-6.271039e-05i,0.0002516935+0.0002255298i,0.0001866133+0.002687743i,0.001303772+0.002466038i,0.001947751+0.002260247i,0.001857218+0.001421493i,0.001856106+0.00129628i,0.001535129+0.001560381i,0.001267358-0.0005735565i,0.002122955-0.0006697567i,0.0002817712-0.001063035i,-0.0007440405-0.0002690325i,-0.0006835474-0.0003218405i,0.0008601562+0.0009103704i,0.0005453824-0.0001595442i,0.001130954-0.0006931829i,-0.0007405879-0.0004098549i,-0.0005304911+0.002538886i,0.0009565999+0.001143351i,0.002025041-0.001065995i,0.0002531529-0.001496367i,-0.0002523432+0.0005864014i,-0.0002749048+0.0004056315i,-0.0002364546+0.0002222358i,0.0006795034-0.0001432851i,0.0003992771-8.094915e-05i,-0.0009674835-0.001002415i,-0.0006631748-0.0006508408i,-0.0006727935+2.485857e-05i,0.000280189+0.001030804i,0.0006714134-0.0007658016i
-0.0006736736+0.0001506091i,-0.0006002865-0.0004132764i,0.00127062-0.0005810456i,-0.0005118285-8.144043e-05i,-0.0007219908-0.0005293569i,-0.0007706641+0.0003818794i,0.0003961876-6.826142e-05i,0.0009132291+0.000381114i,0.00015475+0.000796569i,0.0002900738+0.0001227957i,0.0002571432+9.430921e-05i,-0.000933821+0.0003554922i,-0.001265664-2.977422e-05i,-7.637922e-05-0.0008470622i,0.0007607007+0.001303864i,4.594932e-05+0.002480872i,-0.002087103+0.001966241i,-0.002783957-7.366235e-05i,-0.0002156955-0.001418692i,0.0005702701-0.001012814i,0.0008549195-0.0005209477i,-0.0006919376-0.001131456i,-0.001647098+0.000823784i,-0.002929684+0.0005289644i,-0.003277801+0.000190654i,-0.003449078-3.178877e-05i,-0.002525232+0.001393056i,-0.002247259+0.001884478i,-5.466022e-05+0.002348554i,0.0005042604+0.001280442i,0.001138899+0.0008969905i,0.0003585011+2.625291e-05i,-0.0001780858-0.0009251932i,-0.001443944+0.0007702265i,0.0001566453+0.001403296i,0.001418899+0.002135703i,-0.0001082207-0.002152382i,0.0001701265-0.001550205i,-0.0009461638+0.001539612i,-0.001188584+0.001197308i,0.001449676+0.0006778626i,0.000911775-0.001362498i,0.000454594-0.0006389233i,-0.0006560524+0.0004275095i,-0.0002987854+0.000212156i,0.0005870736+0.0002958441i,0.0002581655-0.001022844i,-0.0004687291-0.0007672682i,0.0002823504+0.0004062772i,-0.0007808355+0.0002607914i,-0.0005214515+3.96185e-05i
4.212109e-05-0.0009159782i,-0.0003840872-0.000905089i,-8.18125e-06-0.0004383971i,-0.000502922+0.00028494i,-0.0003385998-0.001222138i,0.0004507469+3.086927e-05i,0.0005629694+0.001100977i,6.568481e-05+0.001568764i,-0.0005781426-0.0004271206i,-0.00050209-0.0001907008i,-0.0002307462-0.0002809116i,-0.0006250143+0.00080212i,0.001147781-0.0004406701i,-0.0004721431+0.0007358402i,-0.002111518+0.001349691i,-0.002859213-0.0006435969i,-0.000915968-0.003939052i,0.0013075-0.003938142i,0.00227284-0.0001217166i,0.001280414+0.001071735i,-0.0008075908+0.001503023i,-0.001251778+5.665968e-05i,-0.001037521-0.001513483i,-0.0001470133-0.003544385i,-0.0004599984-0.002565989i,-0.0007610019-0.002936086i,-0.001352095-0.002321057i,-0.001325339-0.00146949i,-0.00136145-0.0006464625i,-0.0008987438+0.0009033428i,-0.0004929998+0.002747346i,0.001092551+0.001999649i,0.001034953-0.002362798i,-0.0008683215-0.001304806i,-0.002306477+0.0001290335i,-0.001656838+0.001658347i,0.0007699523+0.00180062i,0.0005662961-0.0009462714i,-4.666462e-05-0.001528114i,-0.000884865-0.00132331i,-0.000682096+0.0006830597i,0.001148978+0.0002362871i,0.001483067-0.001636466i,0.00115185-0.0007043976i,0+0i,-0.0004661603-0.0004920231i,0.0001434293-0.0003312061i,0.0005534039-9.151977e-05i,-1.923784e-05-0.0001662976i,-9.760833e-05-0.0007277163i,-0.0005824934+0.0004531981i
9.048916e-05-0.0007498651i,0.0008705612+4.574703e-05i,-0.001098244+0.002371666i,-0.0008020113-0.0001594385i,0.0002349681-0.001198073i,-0.0005470547+0.0003526377i,-0.0006063558-0.0002421948i,-0.001295003-0.0004142525i,0.0007692979-0.001177772i,-3.324816e-05-0.001182422i,0.0007950343-0.0006017231i,-0.0006779621+0.0006216675i,-0.001007111-0.0007366441i,-0.001774108-0.002629326i,-0.0008721339-0.001849123i,0.001705895-0.002948609i,0.003590784-0.0006007444i,0.002430885+0.001665884i,3.862718e-05+0.00271052i,-0.002651229+0.001543014i,-0.002116599-5.696957e-05i,-0.0006214255-0.001308005i,0.0009275558-0.001244742i,0.002146377-0.0003745254i,0.003118298-0.0006178234i,0.001987754+0.0002089405i,0.002358171+0.0002320817i,0.001734774+4.357492e-05i,-0.0001670761-0.001783457i,-0.001646346-0.001085573i,-0.00224029-0.0002357911i,-0.0009245027+0.002255802i,0.001152952+0.002029983i,0.002589605-0.0006601215i,0.001677571-0.001594107i,-0.001044006-0.001653535i,-0.0007716832+0.0005658392i,-0.0002601822+0.0009671094i,-0.000243414-0.0004695568i,-0.0004364203-0.001269097i,0.000470494-0.001654153i,-0.0007125222+2.397358e-05i,0.0001819499+0.00103778i,-0.0007476979-0.0004687948i,-0.001021869-0.001086711i,3.692013e-05-0.001863435i,0.0009780563+0.0001703511i,0.0003435736-9.459586e-05i,0.000136119+0.000992403i,0.001099487-0.0009330281i,-7.804129e-05-0.001011333i
3.778886e-05+0.0004341742i,-0.0001144821+0.001032426i,0.0001416715-0.0009643905i,0.0001465595+0.0001004713i,-0.0009817616+0.000979903i,-0.0008641089+0.0003444917i,-0.0003673536-0.001376269i,0.001171575-6.929274e-05i,0.0004565563-0.0006370405i,-0.0003733673+0.0004797542i,-0.0006623465+0.0008677343i,-0.0007736631-0.0005708889i,-0.0002389252-0.0006342257i,0.0004813666-0.001190395i,0.001761525-0.000254538i,0.001799522+0.002168218i,-0.0003013399+0.002819802i,-0.003578098+0.001626868i,-0.003078172-0.001782331i,-0.001434871-0.003765014i,0.001337889-0.002229355i,0.002283676-0.0002528709i,0.002068702+0.001647544i,0.0007261192+0.003735646i,-0.0005349555+0.001882918i,-0.001427611+0.002092953i,-0.001933445+0.001862257i,-0.001787153+0.001525234i,0.001885114+0.0004996604i,0.002074073-0.001761791i,0.000651095-0.003187316i,-0.002027164-0.001177173i,-0.002762947+0.0007402715i,-0.001915164+0.002364776i,0.003138131+0.0009546941i,0.002486561-0.001962758i,0.0008879591-0.002249369i,-0.001167732-0.0008101353i,-0.0004179982+0.0001239916i,0.001881157+0.0009749601i,6.630742e-05-0.0003135627i,-0.0004737707-0.000738262i,-0.0008808585+0.0006834171i,0.0004579848+0.001011673i,0.0003556329-0.0002209288i,-0.0002987401-0.0005857912i,-0.0006979533-0.0004849896i,-0.001466034-0.0008669326i,0.0001814159+0.0004826709i,0.0001890463+0.0003719338i,-0.0002734046-0.001171181i
0.0001490715-0.001133505i,-0.0004257795-4.056833e-05i,-0.0009168262+4.034598e-05i,0.0003839384+0.0002593239i,-0.0001838461+0.0003334178i,-0.0003147568-0.0009637104i,0.002025768-1.251599e-05i,0.0008505995+0.001584285i,-0.0001095462+0.0006614648i,3.01214e-06-0.000152858i,-0.000191731+0.0003968613i,-4.615255e-05-0.001032041i,0.001631096-0.0005181581i,0.00170515+0.001511185i,7.141069e-06+0.001410037i,-0.002633552+0.001121844i,-0.001530706-0.0007732896i,-0.0007685493-0.003191066i,0.001983102-0.002898307i,0.005084379-0.0001011002i,0.002206633+0.002399044i,-0.0009844769+0.00396904i,-0.002459368+0.003732709i,-0.003301072+0.001148546i,-0.002035649+9.820559e-05i,-0.002317711-0.00162544i,-0.003176036-0.000607343i,-0.005044366-0.001115734i,-0.001668249+0.001813673i,0.0006736257+0.002846692i,0.00336877+0.000686879i,0.002182896-0.002959229i,-0.0006171966-0.00234337i,-0.002639245-0.0002703932i,-0.001340388+0.002274559i,0.0009297228+0.0033908i,0.001247437-0.000435851i,0.001150197-0.0004369054i,-0.0001040422-0.0009764057i,-0.000308319-0.0001760336i,0.0001742128+0.0009547667i,-0.000193809+0.0007089342i,-0.0005682482-0.0009643476i,0.0002193412+0.0002696011i,0.0001601725-0.0009949401i,-0.0003861026+0.000196746i,0.0002372917-0.000544539i,0.000465365-0.001359032i,-0.001572048-0.0001864469i,0.000431141+0.001086954i,0.003050012-0.0007149291i
0+0i,-0.001313065-4.357464e-05i,-4.678526e-05-0.0007350067i,-0.0007815034+0.001097749i,-0.0002047447+0.0002630432i,0.0008129064-0.0005700402i,0.0003545803+0.001287253i,-0.001647839+0.0004536201i,-0.000769388-0.0009869899i,0.001611807+0.0004793184i,0.0002996087+0.0001581925i,-0.0006639796+0.0003107568i,9.97889e-05+0.0007423856i,-0.0005610405+0.001017049i,-0.00148057-0.0007579613i,-0.001159998-0.002883109i,0.0008667718-0.002869419i,0.002254749-5.882154e-05i,0.0007371405+0.002695279i,-0.001432168+0.001948728i,-0.004116616+0.0006826916i,-0.005309328-0.001139669i,-0.003591428-0.003376447i,-0.001153914-0.003135053i,0.00174703-0.001964641i,0.003601894-0.003385982i,0.003207865-0.005057775i,-0.0004891869-0.005900118i,-0.00272741-0.001586749i,-0.003493929+0.0004385731i,-0.001353345+0.003462524i,0.001783915+0.002390153i,0.003599881+0.0003445542i,0.0006096617-0.001174014i,-0.001259113-0.0005253117i,-0.001332921-4.128599e-05i,-0.0009413617+2.768295e-05i,0.001452847+0.001977357i,0.00253814-7.187159e-05i,9.603578e-05-0.001602253i,0.0009671734-0.00134001i,-0.0002642958+0.000298864i,-0.0001170043-0.0001289017i,5.886803e-05-0.0003629728i,0.001164564-0.0009206674i,-0.001174014-0.001829083i,-0.001251742+0.0002816677i,0.0009438225-2.128157e-05i,-0.001013821-0.0004188651i,-0.001161861+0.001440473i,0.001135101+0.001072008i
0.000494933+0.0005020041i,-0.0002644748+0.0002146054i,0.0003420061+5.809481e-06i,-0.0007621621+0.0001639828i,-0.001037018+0.0003115285i,0.001469295+0.0006163001i,-0.001603636+0.0005169865i,-0.001820856-0.001090131i,0.001288697-0.00161118i,0.000898415+0.001419243i,-0.0002410298-0.0005264293i,2.25957e-05-0.001414743i,-0.0006479506-0.0009652051i,-4.954246e-05-0.001343147i,0.001217367-0.001028216i,0.001837722+0.001232576i,-0.0004615219+0.002418265i,-0.001974614+0.001145071i,-0.003074167-0.001374598i,-0.00275736-0.004031128i,-0.001564857-0.005801775i,0.002250404-0.005998583i,0.003772167-0.003644228i,0.004376192-0.0006671842i,0.004787681+0.003185969i,0.005089731+0.004681871i,0.006746484+0.003414043i,0.006693291-0.0007704649i,0.003784609-0.00473925i,-0.0001901276-0.004968317i,-0.003650019-0.0007548063i,-0.00219861+0.001592057i,-0.0002041797+0.002279779i,-0.0001333479+0.001642066i,0.0009449191+0.0005938289i,0.0002324795-0.0005930738i,-0.002051523-0.00129943i,-0.002192526+0.001302865i,0.000896258+0.002971418i,0.002344168-0.0006580118i,-0.0005006031-0.0007609708i,0.0008220847-0.001264715i,0.0003978588-0.001048505i,-0.0009824157+0.0002148735i,0.001116399+0.001131792i,0.001462745-0.001820555i,-0.0001965006-0.0006757476i,0.0005000544+6.77452e-05i,0.00104828-0.001432286i,-0.0007637871-0.0003596031i,0.0007339099+0.000347736i
-0.001241596+0.0001491539i,-0.0004947596-0.001435777i,0.000314327+0.001204254i,-0.0007236715+0.0001280506i,0.0003791411+0.0003175249i,-0.0008194661+2.731941e-05i,-0.0008023257-0.0007136804i,0.0007644478-0.000538938i,0.00104572+0.0004392209i,-0.001455989+0.001188208i,-0.001127668-0.0008422916i,0.0001810976-0.001233734i,0.0008996608+0.0008367925i,0.0008626102-0.0002665955i,0.0006828902+0.0009189467i,-0.001637528+0.001363053i,-0.002590727+0.0001249544i,-0.001126141-0.004222182i,0.003157003-0.002649573i,0.004840494-0.001758344i,0.005600675+2.811212e-06i,0.00493186+0.003074913i,0.002883094+0.005923901i,-0.001444713+0.007407134i,-0.004634611+0.007416185i,-0.006495206+0.008797879i,-0.003764221+0.01007551i,0.0004973068+0.00992175i,0.005842742+0.004525215i,0.005254721+0.0003584719i,0.001703172-0.002572526i,-0.0005904424-0.002097949i,4.502421e-06-0.001691526i,-0.001593229-0.001032136i,-0.001166361+0.002501248i,0.001614028+0.002850679i,0.001383346-0.00207163i,-0.001783762-0.00127709i,-0.0007518865+0.002334148i,0.001520839+0.0003654649i,0.000620875-0.0006204903i,-0.000209086-0.0007562898i,0.0009023637-0.001061381i,-0.001716632+0.0002176593i,4.592286e-06+0.001211169i,0.00108484+0.000302159i,-0.000168217-0.001406516i,-4.257703e-05+0.0005543322i,0.0006439594-0.0004642151i,-0.001104114-0.001465339i,-0.0009570376+0.001157782i
-0.0008506269+0.0002882686i,0.0004789557+0.0001333424i,0.0007033541+0.0001528834i,-0.0006792082+0.001015455i,-0.0004049308-0.001048191i,-0.0004765918-5.191136e-05i,-0.000562313-0.001755858i,0.0006963944+0.0005868378i,-0.0001761447+0.001163053i,-0.0006848018-2.618646e-05i,0.000990642-0.001506642i,0.0007114296+0.001228674i,-0.001214592+0.0008244799i,2.460642e-05-0.0001518593i,-0.0009796387+0.001130865i,-0.003010915-0.001572052i,0.0002106402-0.004266039i,0.004735564+0.0007619494i,0.0009142895+0.003170654i,-0.0005882979+0.004039967i,-0.001906962+0.002613824i,-0.002787821+0.003098945i,-0.006634336+0.001364995i,-0.008919881-0.0005386598i,-0.01055597-0.0030495i,-0.01174918-0.003512358i,-0.01172309-0.0004379305i,-0.01036706+0.003186172i,-0.004072701+0.005733378i,0.000803105+0.003988487i,0.001163922+0.000930626i,0.001466591+0.002813236i,0.003079234+0.001826196i,0.002427615-0.002849124i,-0.002995458-0.003100296i,-0.002806782+0.002651087i,0.00200575+0.002186628i,9.874086e-05-0.002130932i,-0.002108398+0.001471535i,0.0003053448+0.0009717686i,-0.0001283387-0.00158107i,-0.001033657+0.0007026849i,0.0006214887+0.001626409i,0.0004768041-0.002274296i,-0.001767117+0.0004888905i,3.200385e-05+0.002499789i,0.00128462-0.00142113i,-0.00190027-0.0007911357i,0.000411318+0.0005560056i,-0.0002356096-0.001372975i,-3.019799e-05-0.0006583142i
-0.001242424-0.0008471417i,0.0003971951-0.0008389167i,-0.0004553625-2.432818e-05i,0.0002267515+0.0002091491i,0.001216578+0.0002110412i,-0.0001439704+0.0009731578i,-0.0008035785-0.0001699705i,0.0001562519-0.0001001832i,-0.0009105703-0.000171195i,-0.0002182893-0.001689864i,0.001517563-6.6049e-05i,-0.001622103+0.001628743i,-0.001535946-0.00201766i,0.0008544309-0.001531037i,-0.002770924+0.0005345172i,-0.001982037-0.003218639i,0.002440014-0.0009762567i,-0.0003005539+0.005075814i,-0.005852231+0.00124199i,-0.006295911-0.005733033i,0.00210878-0.005803859i,0.002968546-0.001039202i,-0.002078576-0.003290026i,-0.00435235-0.006310639i,-0.002818085-0.00916238i,-0.004111321-0.009576984i,-0.005600924-0.007911881i,-0.006241111-0.003329844i,-0.003415889+0.003247589i,0.001888492+0.002064746i,-0.0001325045-0.0036107i,-0.005923309-0.001129423i,-0.002697869+0.007140812i,0.007194982+0.002264445i,0.002779961-0.005002732i,-0.003493317-0.0009344362i,-0.001098561+0.003059013i,0.0008115948-0.0008847133i,-0.002729737+0.0005380631i,0.002189625+0.002829093i,0.003463802-0.001353625i,-0.002727483-0.0003064477i,0.0006741424+0.002819122i,0.00121827-0.001178744i,-0.001721875-0.0009026788i,2.0522e-05+0.001938895i,0.002021351-0.0006339715i,-0.0003001594-0.0004176272i,-0.0001093829-0.0001614868i,0.0009848209-0.001136661i,-0.001855947-0.0007594191i
3.315595e-05+0.0003880711i,0.001229672+0.0007489239i,-0.0004785372+0.0004624679i,0.0007111705-0.0006638793i,-9.110109e-05+0.0008343405i,-0.0007332879-1.789183e-05i,0.0001980522-0.00161997i,0.0007088662-4.630455e-05i,-0.0004020728-0.0002407687i,-0.0007248952-0.0006151567i,0.0006059308+0.002240119i,-0.002093648-0.0009000127i,0.0009197401-0.004133538i,0.002296708+8.596648e-05i,-0.002163745+0.0002791677i,-0.0006792062-0.00258836i,0.00170684+0.001213624i,-0.004778113+0.002633976i,-0.005053198-0.007158894i,0.009251268-0.01017219i,0.01364171+0.004354304i,0.003915532+0.009844278i,-0.006631298+0.004198404i,-0.007443341-0.00739417i,-0.004995924-0.01428735i,-0.003893588-0.01579398i,-0.008996027-0.01130041i,-0.01233778-0.005344126i,-0.01010944+0.009889231i,0.004447841+0.01242446i,0.01094596-0.001771955i,-0.000833796-0.0105433i,-0.009252126+0.0002148704i,0.0002061142+0.008342346i,0.005062888+0.0002032597i,-0.002695773-0.003231889i,-0.001373864+0.003204581i,0.001865154-0.0005730889i,-0.002041014-0.001078097i,-0.0009900095+0.004109001i,0.003929148-0.000953396i,-0.001079343-0.002509971i,-0.001252472+0.001629785i,0.001470788+0.0003262487i,-0.001033206-0.001588875i,-0.0001310306+0.001112852i,0.0007382254+1.416289e-05i,-0.0003903486-0.001060758i,-0.0002212921+0.0002518554i,0.0002676897-0.001462654i,-0.001045147-0.0002998183i
0.0006114429+0.0002448924i,0.001090273+0.0002299167i,-0.0009384699-0.0001631419i,-0.0003858274-0.0001320827i,-0.0003479823+0.0007984309i,-0.002127974+5.494664e-05i,-0.0001113398-0.001753199i,0.0004273916+0.0003785137i,-0.0008040662+0.0007619548i,0.0007401079-0.0007391476i,0.0001948682+0.0002684151i,-0.0006370121-0.002050528i,0.002644521-0.001001219i,0.002668032+0.002215309i,-0.003511756-0.0002948511i,-6.668855e-05-0.004406082i,0.001630194+0.002711011i,-0.00295299+0.001072666i,0.001666032-0.008163934i,0.01532796+0.0007962991i,0.0002405982+0.0224325i,-0.01830364+0.01446563i,-0.02296674-0.009357291i,-0.01242681-0.02824955i,0.001210325-0.03721138i,0.007930308-0.03760076i,-0.001673052-0.0392227i,-0.01812372-0.02859982i,-0.0325428-0.002233964i,-0.01391169+0.02263463i,0.01417449+0.01048624i,0.01091979-0.009213977i,-0.007101345-0.009379941i,-0.003345283+0.005641926i,0.004585528+0.002171936i,-0.00211569-0.003997861i,-0.001506574+0.004292502i,0.00479975+0.002203594i,-0.001902204-0.00472261i,-0.003366391+0.002752412i,0.004105831+0.001500525i,0.00177092-0.003200591i,-0.002000608+0.001284188i,0.001570613+0.00119519i,-0.0003403916-0.001106307i,-0.001967575+6.463679e-05i,0.001929595+0.000408808i,-0.0005589339-0.001039928i,-0.0008087676+0.0005003064i,0.0004451279-0.00115019i,-0.001248007-0.001256984i
-0.001110092-0.0009622631i,0.0002444593+0.0003856573i,-0.000605628+0.0001437278i,0.0009608342+0.001065759i,-0.0003142852+0.0009508805i,-0.001269124-0.001654439i,0.001586311-0.00182954i,0.00100647+0.001087577i,-0.001479753-0.0008651426i,0.001175867+0.0004267784i,0.0001368429+0.001402762i,-0.0004639156-0.0009542368i,0.002580136-0.0001947105i,-0.001628367+0.003500617i,-0.004240178-0.003389359i,0.00489587-0.004673481i,0.001943211+0.005114331i,-0.004754415+0.0007506256i,0.003537658-0.004370696i,0.009986606+0.01004055i,-0.01725216+0.01804709i,-0.03131669-0.009437202i,-0.01520473-0.03648853i,0.01263397-0.05173242i,0.04128591-0.05127623i,0.04735468-0.04709678i,0.03469037-0.0530994i,-0.0005872015-0.05279159i,-0.03105338-0.02815598i,-0.03206092+0.01204822i,0.005032113+0.02079254i,0.01330673-0.001270312i,-0.002796346-0.009562602i,-0.00516887+0.004719149i,0.006809146+0.002683232i,0.0001049059-0.00702211i,-0.005172836+0.001657794i,0.00327178+0.004051621i,0.002126342-0.00344183i,-0.003597961-0.0003817494i,0.001181649+0.003479448i,0.003240282-0.001999669i,-0.003403252-0.001041029i,0.001161267+0.0008929709i,0.001195285-0.001073836i,-0.0003106882+0.0001559455i,0.001990256+0.001025784i,-0.0004151361-0.002209998i,-0.0007306922+0.0006703925i,0.001190067-0.0009019492i,-0.0007298806-0.001222209i
-0.0001804127+0.0005143017i,-0.0002261045-0.001065749i,0.0005844752-0.001056007i,0.0005643511-0.0001563759i,-0.001013491+0.0009403556i,-0.0006932958-0.001002627i,0.001851888+0.0006808604i,-0.0002641978+0.001208759i,-0.0005255411-0.0005752102i,0.001678412+0.0007340047i,-0.001419593+0.0008953419i,-0.0007564489-0.00155087i,0.002934539+0.001727318i,-0.004218375+0.002091327i,-0.00135013-0.005181898i,0.006361677-0.002498136i,-0.001449015+0.007127626i,-0.007364573-0.000738672i,0.002342873-0.007168888i,0.00930107+0.005738812i,-0.0175202+0.007538827i,-0.01703438-0.02475651i,0.006868077-0.03913071i,0.04296282-0.03860565i,0.06914936-0.02375371i,0.07192685-0.02248938i,0.05554911-0.03717751i,0.02743486-0.05104396i,-0.01701107-0.03812364i,-0.03561508-0.004960514i,-0.002901442+0.01674432i,0.01213554+0.006033455i,-0.001270867-0.01044041i,-0.008595789+0.004082002i,0.00684808+0.008352522i,0.004954047-0.005643172i,-0.006130951-0.0006293331i,0.001305396+0.00640453i,0.004677-0.002199518i,-0.002956592-0.001439218i,-0.0002709058+0.001818468i,0.002539605-0.001491654i,-0.002131281-0.0005147315i,0.0005095468+0.001009793i,0.0007107697-0.001080409i,-0.000984353-8.730379e-05i,0.001359356+0.0006238044i,0.0009887303-0.001488606i,-0.0004332871+3.447829e-05i,0.0004239751+8.424625e-05i,0.0001345037-0.001562339i
-0.0007363758-0.0004125789i,7.588883e-05-0.0003834024i,0.00113088-0.0005524349i,0.0004887169+0.001001972i,-0.0002614715+0.000505859i,-0.001392726+0.000132566i,0.0002050606-0.0009106557i,-0.0006766171+0.0005971658i,-0.0005006638-0.001885169i,0.0007305737+0.0006362236i,-0.002545281+0.0008459824i,-0.0003962195-0.00269639i,0.002874271+0.001064656i,-0.003621051+0.003730153i,-0.001128646-0.003489545i,0.004558324+0.0002473072i,-0.002342055+0.004684398i,-0.003856311-0.003879406i,0.00446777-0.007563516i,0.008242667+0.006320226i,-0.009352976+0.008008957i,-0.008203752-0.01513817i,0.01389945-0.02261253i,0.03238162-0.01195694i,0.04644002-9.951198e-05i,0.04972181+0.002778591i,0.0458985-0.007542285i,0.02669852-0.02806117i,-0.001164422-0.02834067i,-0.02273122-0.003374021i,-0.004416321+0.01527128i,0.0114408+0.004029747i,0.0008523086-0.01328118i,-0.01043955+0.0009438429i,0.0002005282+0.01015984i,0.007259174-0.001880615i,-0.003609878-0.002128143i,-0.001195859+0.005225694i,0.004419612-0.0008402238i,-0.0006544063-0.003116296i,-0.001495039+0.002588868i,0.001291131-0.0001683057i,-0.001685076-0.001729174i,-0.001216067+0.001038495i,0.0010228-0.0007348532i,-0.0001293963+0.0003980201i,0.0005418736+6.785175e-05i,0.001407141-0.001217858i,-0.0005506588-0.0004097628i,3.834869e-06+0.001101372i,0.000163143-0.0005727705i
-0.0006341105-0.0009462844i,0.000422984-0.000307447i,0.0004705228+0.000274999i,0.0007389874+0.0001441421i,-0.0009936299+0.002113077i,-0.0008447571-0.0009412469i,7.958398e-05-0.001136966i,-0.0001391089+0.0004236686i,-0.0001435085-0.001758267i,-0.0002127999-0.0002656639i,-0.0007531202-4.277184e-05i,0.00170555-0.002412836i,0.00209327+0.002279907i,-0.003671992+0.002292976i,-0.002396534-0.002960239i,0.002171593+0.000902769i,-0.001663651+0.002768348i,-0.0004248671-0.003625651i,0.007652247-0.0005396075i,0.002773235+0.01056825i,-0.008514915+0.004398725i,-0.003783342-0.007095746i,0.01236871-0.006390614i,0.0185579+0.008056566i,0.01599196+0.02057468i,0.01952984+0.01654136i,0.02283712+0.01214467i,0.02334825-0.003363457i,0.001865463-0.01579587i,-0.01562681-0.00940379i,-0.006461797+0.01000839i,0.007226456+0.006655579i,0.003575379-0.01086033i,-0.009963924-0.003752073i,-0.003611095+0.008708883i,0.005147189+0.001287776i,-0.001681556-0.003007167i,-0.001998105+0.004025795i,0.003610606+0.0008523035i,0.0006532835-0.001376748i,-0.0009699991+0.001044251i,0.001362734-0.0007947339i,-0.0009670926-0.001441695i,-0.001012586+0.001285729i,-8.321423e-05+0.0009193901i,0.0005527397+0.0003295492i,0.0007860364-0.0003008681i,0.0002999473-0.000375868i,-0.0001652966-0.000256802i,0.0003190277-0.0001223322i,-0.0002148027-0.0002751602i
-0.0005879599-0.001730559i,0.0005708304+0.0006046523i,-0.0002058837-0.0007332794i,0.0003056619+0.0009192196i,-0.000362599+0.0007388221i,-0.001561648-0.001505623i,0.001644843-0.001279276i,6.196943e-05+0.0003265619i,0.0002465072-0.002025604i,0.001602999-0.0009018102i,-0.000378529-0.0008000502i,0.0004340372-0.001120211i,0.001474888+0.001315356i,-0.001758613+0.001937558i,-7.565213e-05-0.001072522i,0.001540492+0.001915251i,-0.002016509+0.001601645i,0.002698665-0.001061967i,0.005228526+0.00684578i,-0.004731739+0.008663867i,-0.008182512-0.005828391i,0.005778275-0.009874471i,0.01669858+0.002093484i,0.01465064+0.02101366i,0.005805769+0.03582865i,0.002758212+0.03756095i,0.01380752+0.03375275i,0.02315645+0.01612929i,0.01900945-0.00705941i,-0.002215035-0.01755704i,-0.009733955+0.003535822i,0.001640588+0.005600241i,0.006982659-0.005326446i,-0.006376852-0.006697622i,-0.004884752+0.004950377i,0.004303085+0.004021402i,-0.00139402-0.003333924i,-0.005061062+0.00244705i,0.002855263+0.003458544i,0.0007490282-0.002440838i,-0.001702675-0.0008489832i,0.001810025+0.0003845812i,0.0005562019-0.001775056i,-0.002147021-0.001078515i,-0.0007129473+0.002024439i,0.0003854771-0.0001778442i,0.0005911358-0.0002404565i,-0.0001330151+0.0001308273i,-0.0002796802+0.001127194i,-0.0001777545-0.0008244816i,0.000837134-0.0009480766i
-0.001099463-2.152754e-05i,0+0i,-0.0008805109-0.001104769i,0.001305931-0.0005935973i,-0.0006000051-0.0002144559i,0.0001220286-0.00229714i,0.001823358-0.0009460425i,-0.000636101+0.001985986i,-0.0004817578-0.001492605i,0.001402377-0.0008757535i,0.0009977188-0.000144955i,0.0006187201+0.0008866832i,-0.0008505162+0.0007994145i,-0.0008595738+0.0006974042i,0.0007214124+0.001476261i,-0.001712774+0.002522501i,-0.002521365-0.002116263i,0.00452459-9.783814e-05i,0.005301347+0.006173895i,-0.00773689+0.00602066i,-0.004798903-0.01303832i,0.01532466-0.01004456i,0.02478088+0.009370941i,0.01305521+0.03101258i,-0.0003762712+0.04712614i,-0.004543839+0.04847774i,0.006472788+0.04495462i,0.02517509+0.02406353i,0.02956605-0.003051281i,0.004096879-0.02121362i,-0.01317546-0.0002883886i,-0.002180436+0.007825335i,0.007775351-0.005248972i,-0.006503043-0.006550386i,-0.005236272+0.005155055i,0.007041589+0.002085743i,-0.0005079595-0.005529529i,-0.005385979+0.0007237351i,0.001430679+0.003569388i,0.0008890327-0.002321936i,-0.002470572-0.001087434i,0.0001922293+0.002279752i,0.001420177-0.001627783i,-0.001805845-0.0008914494i,-0.0009245156+0.0009414621i,0.002302102+0.001621099i,0.0007848553-0.0002390898i,-0.0005938597-0.001027568i,-0.0003979555+0.0002897847i,0.0001579192-9.878182e-05i,-0.0001189812+0.0005113144i
9.829795e-05+0.0002770529i,-0.001374034+0.0007239617i,-0.0001700054-0.001124338i,0.0009935139+0.0002444393i,-0.0001450597-0.0004393616i,-5.595656e-05-0.001503123i,0.002758588+0.0003295178i,-0.0003161399+0.002141707i,-0.0002699005-0.0008749046i,0.0005164266+0.0003597525i,0.001359247+0.001064064i,0.0001831812+0.0006071463i,0.001702911+0.0004586378i,-0.0003815614+0.0003812142i,0.001069804+0.0005714917i,-0.001794655+0.002316755i,-0.003432373-0.002503408i,0.002600166-0.002491282i,0.005804376+0.003157838i,-0.005116094+0.005138513i,-0.0021382-0.008637578i,0.01304517-0.003702706i,0.01541566+0.01434108i,0.003381697+0.03379491i,-0.01150897+0.04388137i,-0.01306737+0.0472101i,0.003100602+0.04475569i,0.02014572+0.02693835i,0.0222784-0.005726545i,-0.002645566-0.01845919i,-0.009240849-0.0002968505i,-8.839483e-05+0.006203205i,0.008782835-0.002911355i,-0.00755503-0.006371327i,-0.004610376+0.007065041i,0.007577892+0.00315869i,-6.013703e-05-0.006151182i,-0.005536709-0.0005720508i,0.0008283241+0.003123044i,0.0005936149-0.002590516i,-0.001418964-0.0006106592i,-5.765766e-05+0.00253491i,0.00146627+5.377884e-05i,-0.001597791-0.001227131i,-0.0005848909+0.002185717i,0.0008038927+0.001134529i,0.0005702043-0.0004681196i,-0.0008403952-0.0009792799i,0.0009055902+0.001626828i,0.0005154946-0.0008386435i,-0.0006300677+0.0008091235i
0.00167009-7.865975e-05i,-0.000518052-0.000176237i,-0.000780243-0.0007598108i,0.0005076927+1.461678e-05i,-0.0002756879+0.0002783846i,0.0009525639-0.001069037i,0.0006245242+0.001308632i,-0.001766418+0.001291338i,-0.0003915628-0.001097271i,0.0003035086-0.000464121i,0+0i,0.001460665-0.0005335112i,0.001738018+0.002452187i,-0.001993161+0.0004296173i,0.0008747685-0.002187392i,0.000716484+0.001464639i,-0.001625508+0.0004565502i,0.0004812759-0.001978036i,0.002746122+0.001884628i,-0.003711045+0.002921864i,0.001269798-0.00574796i,0.009480721-0.001364709i,0.01151195+0.01396102i,-0.00282865+0.02816705i,-0.01597288+0.03413234i,-0.01764959+0.03827154i,-0.001880031+0.03674417i,0.01658286+0.01880339i,0.0192051-0.003393563i,0.001124727-0.01482375i,-0.008210238+0.00014515i,0.002813203+0.003032683i,0.002539581-0.006977873i,-0.00770028-0.003986749i,-0.002866435+0.005815794i,0.007396219-0.0006568818i,-0.0005123527-0.006401876i,-0.005040531+0.00116168i,0.001124203+0.0004438072i,-0.0003818788-0.001719527i,-0.002635836+0.001334905i,0.001038165+0.001648314i,0.0002071801-0.001167571i,-0.001414462-0.001275704i,0.0006983465+0.0007449104i,0.000992366+5.303227e-05i,4.905669e-05-0.00118264i,-0.0002173937+0.0002645074i,0.0001535896+0.0004983373i,0.000438462-0.0001930016i,0.0007934197+9.977221e-05i
0.0006057508-0.0003943433i,0.0002477819+0.0005488542i,-0.0005098028-0.000814544i,0.0005690049-0.0006454267i,0.0009462927+0.0004312288i,0.00140493-5.979695e-05i,0.0009258383+0.001026751i,-0.001264908+0.0007382855i,-0.001198687-0.001205647i,0.001020402+2.697484e-05i,-0.001409886-0.0006921121i,0.0008669067-0.00240097i,0.001421347+0.002135834i,-0.002051704+0.001759086i,-0.0009561278-0.001167732i,0.0009418182-0.0008323766i,0.0001755793-0.001692366i,0.002685187+0.000584232i,0.0001656714+0.007179287i,-0.009903486+0.003883132i,-0.005875926-0.01215335i,0.01079194-0.01070303i,0.01767274+0.006170401i,0.01074667+0.02876866i,-0.004653057+0.03669346i,-0.005576328+0.04092988i,0.005040115+0.03470976i,0.0185529+0.02180969i,0.01804826-0.007614252i,-0.001734123-0.0151703i,-0.009012392-0.0003372437i,-0.0004146118+0.001704314i,0.00104586-0.004560221i,-0.005986382+0.0007894999i,0.001424248+0.005114969i,0.004143163-0.004083542i,-0.002718436-0.00422617i,-0.002110535+0.003724895i,0.002062747+0.001002595i,-0.002968638-0.002925828i,-0.002710884+0.003996206i,0.001769646+0.001797067i,-0.0001638466-0.001616711i,-0.0009620292+0.0007061557i,0.001981701+0.0002769892i,-0.0002406872-0.001206468i,-0.001179803+0.0001377635i,0.0003561285-0.0004193119i,0.0003976494+1.670973e-05i,0.0009192379-0.0001631734i,-0.0003399764-0.0001060623i
0.0006651525-8.236103e-05i,-0.0006746016+0.0008451095i,-0.001645721-0.001043093i,0.001221902-0.0005062711i,0.0003432983+0.0007629659i,-0.0008237367-0.0004790315i,-0.000221533+0.0006915337i,-0.002183775+0.001026905i,-0.0002003803-0.00175366i,7.854088e-05-0.0006477451i,-0.001304096+2.030197e-05i,0.001010151-0.001957744i,0.002467315+0.001812268i,0.0007004236+0.0007611045i,-0.0008260863-0.0008678386i,-0.001195026-0.0004621697i,4.039575e-05-0.003893443i,0.007151585-0.0004856417i,0.004767321+0.01475651i,-0.01337518+0.012013i,-0.01568115-0.01212041i,0.009819741-0.02025572i,0.02896898-0.003116666i,0.02702469+0.02607833i,0.01489052+0.04279475i,0.01334861+0.04328227i,0.02251232+0.0335785i,0.03072456+0.004569773i,0.01943124-0.01760265i,-0.008339697-0.0166565i,-0.01362439+0.002315258i,0.0006173701+0.005523852i,0.00207623-0.003130499i,-0.005566428+5.520616e-05i,0.0004038202+0.004693478i,0.001625821-0.003141118i,-0.003944482-0.001455898i,0.000613756+0.003598318i,0.002701572-0.000976456i,-0.004507995-0.0001634468i,0.001066273+0.004340065i,0.003193546-0.0007679743i,-0.00105316-0.001805851i,-0.001112163+0.001361063i,0.001227476-0.0004691157i,-0.0006417954-0.0007463389i,-0.000440461+0.002190207i,0.0002774535-0.0004654334i,-7.564013e-05-0.0007594205i,-0.0007834303+0.0005778474i,0.0005634175-0.000868889i
-8.297946e-05+0.0001731207i,-0.0008340921+0.001308813i,-0.001347968-0.001881153i,0.0005364931-0.000247105i,0.000479632+0.001433959i,-0.00228921-1.686229e-05i,0.0001975783-0.0006611312i,-0.001269169+0.0006201199i,-0.001642298-0.00148695i,-0.0008773871-0.001836386i,0.0001840271+0.0006978725i,-0.000160999-0.0014683i,0.001252366+5.4362e-05i,0.001711459-0.0009831742i,0.004368081+0.001299891i,-0.002418464+0.002814827i,-0.004672801-0.004936136i,0.006212023-0.007603798i,0.01430523+0.007474963i,-0.007935376+0.01792568i,-0.0170402-0.00984405i,0.006335445-0.0182821i,0.0271195-0.007589648i,0.03618352+0.02343i,0.02810344+0.04454205i,0.02482579+0.04425254i,0.03468423+0.02760102i,0.03529049-0.00122563i,0.01604606-0.02577654i,-0.01704925-0.02116815i,-0.01305392+0.009674383i,0.003036201+0.009472201i,0.004592308-0.007939956i,-0.008137231-0.001992547i,-0.001500291+0.005326433i,0.003108634-0.0005200066i,-0.003333292-0.001356948i,0.001016198+0.004465661i,0.003189563-0.001442337i,-0.002773193-0.0009284464i,2.147592e-06+0.005086931i,0.003915598-0.001236959i,-0.001198592-0.00249824i,9.16365e-05+0.002125255i,0.001708649-0.001661726i,-0.001377359-0.0001917226i,0.00130031+0.001023996i,0.001226873-0.001187701i,-0.0003212518-0.001799281i,0.0003839682+0.00115509i,0.0004792185-0.0004611747i
0.001374033-0.0004570477i,0.0001184402+0.000471237i,-0.0009360092-0.0007788797i,0.001362557-0.001748249i,-0.0005575454-0.0001577034i,-0.0008443639+0.0002244599i,-0.0002815073-0.001158535i,-0.0006012339+0.0002926163i,-0.001670091-0.0002886052i,-0.001342038-0.001351452i,-0.0003140825-0.0004522098i,0.001917527-0.0009936769i,-0.001677613+0.0009539939i,-0.0004072389-0.002078093i,0.005455916-0.002875324i,0.002313552+0.006016355i,-0.007381889+0.001694266i,0.0006983001-0.01036394i,0.01452538-0.00368568i,4.272582e-05+0.01205187i,-0.009662136-0.0002642833i,0.002412623-0.01152263i,0.02239467-0.005196792i,0.03020386+0.01720687i,0.02493322+0.03450457i,0.02372671+0.0351212i,0.03501513+0.02057974i,0.03139095-0.005592766i,0.01153187-0.02492974i,-0.02017765-0.01592061i,-0.008936758+0.01117717i,0.008177904+0.004082719i,0.003467779-0.01177233i,-0.01071189-0.001741156i,-0.000946485+0.007589707i,0.005505634+1.684536e-05i,-0.002340835-0.0004642218i,0.0003063277+0.002956983i,0.00197345-0.0005048575i,-0.001495309-0.0003878468i,0.001813828+0.002462568i,0.002955345-0.001197558i,-0.001763175-0.001396669i,-0.000127706+0.002558888i,0.001066706-0.001272774i,-0.001360435+0.0006153982i,0.001073189+0.001272566i,0.001592191-0.001355532i,-0.001551079-0.0003425679i,-0.0004852489+0.0009160812i,-0.0002419642-0.0002277044i
0.001059794-0.0007421814i,0.0002766319-0.0003747342i,-0.001311749+0.0001469895i,0.001282072-0.001968058i,0.000962729+0.0008038787i,-0.0004498958+0.001032855i,-0.001080117+0.000580133i,-0.0004606138+0.0005433387i,-0.001161947-0.0005299398i,-0.0026321-0.0008751266i,-0.0004602988-0.002715496i,0.002837721-0.001985905i,0.001552848+0.003573522i,-0.003371149-0.001238772i,0.003407972-0.005848879i,0.007240428+0.002375881i,-0.004449265+0.003393178i,-0.004247407-0.005633487i,0.005585948-0.00762007i,0.004207388+0.002550072i,-0.004426825-0.003150309i,0.003258007-0.009630906i,0.01828048-0.004926751i,0.02234812+0.01709217i,0.02323285+0.02658171i,0.01987179+0.02896547i,0.02781383+0.01746287i,0.02516041-0.00607304i,0.005035118-0.01877343i,-0.01306425-0.003919709i,-0.003427748+0.008079682i,0.006816602+0.001209189i,-0.002194801-0.01013536i,-0.009802565+0.002314697i,0.002396066+0.006892752i,0.004130327-0.002985778i,-0.003422342-0.002182873i,0.0001060799+0.003706052i,0.003543171-0.001281591i,-0.001681924-0.002294344i,0.0001921747+0.001609148i,0.0006781013-0.001054703i,-0.0008256007-0.0004594452i,0.00104527+0.001037977i,7.053238e-05-0.0007923481i,-0.00118414+0.001158003i,0.0006575541+0.0002953046i,0.0006515968-0.001748453i,-0.00173648+1.719404e-05i,0.0006958582+0.0007816865i,-0.000822844-0.0002183471i
0.0001482264-0.0007701498i,-6.331807e-05+0.0007549211i,-0.0003430519+0.0001007378i,0.0004413156-0.001311478i,0.000801631+0.000117785i,-6.377881e-05+0.001195518i,-0.0007535843-0.0001431383i,0.0001973603-0.001150996i,-0.0002461609+0.0005980514i,-0.001795684+0.001449787i,-0.003106075-0.001345908i,0.001616027-0.003410452i,0.00274449+0.001016049i,-0.002203115+0.001586315i,-0.00209164-0.004358392i,0.004081201-0.00327122i,0.001355804+0.002213687i,-0.003966726+0.000490483i,-0.001100863-0.002110271i,-4.74746e-06+0.001337328i,-0.004303239-0.004411473i,0.001205865-0.009108878i,0.01374295-0.006207164i,0.02015898+0.00867968i,0.02272891+0.01429464i,0.02537986+0.01734328i,0.02658574+0.004386948i,0.02036385-0.007698497i,0.002470968-0.01599985i,-0.009832089-0.002774755i,-0.0009270683+0.005641622i,0.003727151+0.0009703375i,-0.002156937-0.004733018i,-0.004677245+0.005212508i,0.003986346+0.003829229i,0.002400447-0.005208396i,-0.005381412+0.0003834535i,0.001161352+0.004124976i,0.00192463-0.003154147i,-0.002826001-0.001299036i,-0.0005677527+0.002951673i,0.00141554-0.0001236157i,0.0001248712+0.001410947i,-0.0001232048+9.465591e-05i,0.0003655384-0.0004881454i,-0.0006228657-0.0002510054i,0.0006907529-0.0002005346i,-0.001831641+0.0002438162i,-0.0007636352+0.0002623544i,-7.143647e-05+0.000310889i,9.380687e-05-0.0001367372i
0.001077972-0.0006780704i,0+0i,-0.000175838+0.0007031125i,-0.0004016627+0.000121823i,0.0008738392+0.0001353607i,0.0003535884+0.0001927533i,0.001396619+0.001728472i,-0.0005669901+0.000270742i,-0.002081822+9.607993e-05i,-0.0007169369+0.0007646257i,-0.00208638-0.0007090475i,-0.003179532-0.003177005i,0.002629033-0.002746598i,0.0002587779+0.00133206i,-0.001532675-0.0008466822i,-0.000694534-0.00389478i,0.001557662-0.0009994423i,0.0007456072-0.0001979711i,0.001825077+0.0002435551i,-0.0007298896+0.004484099i,-0.005979433-0.001907411i,-0.006036669-0.006525449i,0.002940266-0.01128206i,0.01206679-0.008437792i,0.01854273-0.002096497i,0.01828446-0.003636077i,0.01654656-0.008651352i,0.006834263-0.01462216i,-0.008803884-0.01132619i,-0.009760137+0.001430008i,-0.0004031561+0.006055841i,0.003311375+5.214449e-06i,-0.001359131-0.00149366i,-0.0004549915+0.003442147i,0.003799328+0.0002195732i,-0.0009647903-0.00405274i,-0.002673458+0.002277256i,0.002505537+0.001231783i,0.0002762621-0.003354446i,-0.003593185+0.0003380603i,0.000957043+0.002417037i,0.001798488-0.00121244i,-0.001281539+0.0004460674i,0.0007279494+0.0008082082i,0.00103751-0.0007599111i,-0.0001717203+0.0001291308i,0.0003803067-5.202696e-05i,3.209695e-05-0.000483414i,0.0005009487+0.0006136228i,0+0i,-0.001046859+0.0003829902i
3.208168e-05-0.0002176637i,1.877497e-05+0.000308549i,0.0007921557-0.0002655298i,0.0005602473-0.000747409i,-0.0005745048+0.0003713698i,0.0001672459+0.0005394977i,0.0007578091+0.0002004618i,0.0002006395+0.0007386573i,-0.002276163+0.0003972853i,3.899416e-05-0.0009664263i,-0.0006651125+0.0001063976i,-0.002513624+0.0002830281i,-0.0005598342-0.003065611i,0.0009858633-0.0007796126i,-0.0008270389+0.0009881879i,-0.0002480786-0.0009603384i,-0.001648651-0.001790481i,-0.0007903106-0.002114849i,0.00179672-0.001836328i,0.004504459+0.001460638i,-0.001299095+0.005023113i,-0.006414974+0.001173069i,-0.006049182-0.003717502i,-0.002094097-0.007931445i,0.0006700025-0.008360726i,0.001113941-0.01005321i,-0.002136433-0.01026456i,-0.006614085-0.008594723i,-0.01141607+0.000966717i,-0.004994661+0.009165273i,0.005429797+0.005638926i,0.004971439-0.002050512i,-0.002443713-0.002163352i,0.0004379963+0.002366752i,0.001776969-0.0001965447i,-0.001794489-0.001742341i,-0.0009630278+0.001026697i,0.001110927-0.0001476935i,-0.001933564-0.00118544i,-0.001579477+0.001698209i,0.001970348+0.001194598i,-0.0001724132-0.001409784i,-0.001003567+0.0005953785i,0.0009876526+0.0001967096i,-0.0007749299-0.001907801i,-0.001683266+0.0001947853i,0.001645797+0.0005055856i,6.561963e-05-0.0009310402i,-0.0005397397+0.0008111361i,0.0005189853-0.0004679231i,-2.428257e-05+0.0002883214i
-0.0001680715-0.0003121452i,0.0005511548+9.207729e-05i,-0.0004571044-0.0001555112i,-0.0006135785-0.0001346759i,0.0008373678-0.0003750351i,-0.001996879+0.0005854194i,0.0002025823-0.001072205i,0.0002123425+0.0003978741i,-0.0009620767+0.0001966451i,-0.001145162-4.19004e-05i,-0.0002877391-0.0005299542i,-0.0005911595+0.001491264i,-0.00175777-0.0003893923i,-0.000481088-0.001814083i,0.001219651+0.0007451579i,-0.001018639+0.001763305i,-0.002536648+0.0009664932i,-0.003269129+0.0004553348i,-0.0005784032-0.002426872i,0.002906847-0.001992021i,0.003854147+0.0007867765i,0.000437608+0.003407136i,-0.002513049+0.003756497i,-0.003286124+0.0002556132i,-0.003070391+5.190478e-05i,-0.002891659-0.001796326i,-0.004617584-6.456126e-05i,-0.005204569+0.001827947i,-0.003760861+0.006410677i,0.003086078+0.005896341i,0.005811308+0.0007631545i,0.001035455-0.005774068i,-0.00431154-2.851444e-05i,-0.000114497+0.00258196i,0.002909632-0.0003281542i,-0.001463878-0.001332956i,0.0001580382+0.0004258697i,-0.0005058045-0.0005488282i,-0.001688402+0.000189497i,-0.001142361+0.001681464i,0.00170917-0.0005082106i,-1.406042e-05-0.00221604i,-0.0004331311+0.0002078598i,0.0007781315-0.000313834i,-0.0002570893-0.001174802i,0.0002751609+0.001231259i,0.001760158-0.0009393002i,-0.0006243309-0.0005033407i,-0.0003655523-0.0001159505i,0+0i,3.87452e-05+0.0003612296i
-0.0001603401-0.0003238268i,0.0001568838+5.904253e-05i,1.81685e-05+0.0007997119i,-0.0004032127+0.0001393781i,0.0002883918-0.000115371i,-0.0001103643+0.0006678286i,-0.0004596648-0.0004437239i,0.001433883-0.000610334i,-0.001141916+0.001016483i,-0.001484466+0.0002597507i,-0.0001985574-0.001536288i,0.001098729+0.001304789i,0.0007701389+0.001940981i,-0.000667512+0.0009183706i,0.000228324-0.0006608088i,0.0004805689+2.348827e-05i,0.00120748+0.002250353i,-0.001356437+0.001719079i,-0.001930526+0.0001117287i,-0.001026938-0.002465281i,0.001164969-0.002439081i,0.001694307-4.436122e-05i,0.0003361646+2.211638e-05i,-0.0008792974+0.0001760738i,-0.0006744058-0.000149131i,-0.001996095+4.622752e-05i,-0.001140193+0.001718942i,0.0001867287+0.002624251i,0.002205211+0.003559187i,0.003548106-0.001118892i,-0.0005589342-0.005044591i,-0.00612182-0.002813523i,-0.005186662+0.004110065i,0.002519701+0.002499927i,0.00290727-0.001342172i,-0.001828197-0.0009156925i,-0.0001524567+2.284544e-05i,-0.0003677554+0.001056962i,0.0001241303+0.000446642i,0.0002479847+0.0003831951i,0.0001571335-0.001314373i,-0.0001385081-1.101573e-06i,-0.0001125922+0.001316851i,0.0005316683-0.0007676542i,-0.0012588+0.0002563244i,0.001280638+0.001899149i,0.0009008286-0.0009263612i,-0.001422883-0.0001493636i,0.0003234106+0.001037978i,0.0003356417-0.0005886412i,-5.756928e-06+0.0006026512i
-0.0005555581-0.0008198667i,0.0002488538-0.0002687096i,0.0005992391-2.530444e-05i,-0.001111546+0.0008575009i,-0.0001651525-0.001400221i,0.001010312+0.000373886i,-0.0006092431+0.0006464914i,-0.0009407271+0.0001292549i,0.001224691+0.0008164084i,0.0003379729+0.0008038959i,-0.000726936+0.0001130164i,-0.0004284312+0.001108343i,0.002093534+0.0007839287i,0.0003406333+0.001126044i,-0.0001759049+0.001041539i,-0.001068058-0.001297138i,0.0001939162-0.0003020589i,0.0001442592+0.0005466091i,-0.0007676259+0.000847413i,-0.0008913321-0.000361691i,-0.0003262862-4.549302e-05i,0.000253653+0.0007151806i,-0.00306612+0.002192117i,-0.003337255+0.001207313i,-0.00446393+0.0009755982i,-0.004548415+0.0002587512i,-0.002978351+0.001913252i,-0.002064365+0.001690246i,9.022802e-05+0.0005358254i,-0.0008870675-0.0009506408i,-0.002763203-7.860178e-05i,-0.003083977+0.003668337i,0.001578902+0.004394102i,0.003992368-0.0009444011i,-0.001305802-0.002066805i,-0.002508112-0.0007584011i,-0.0006182235+0.001598108i,0.0005517245-0.0002609718i,0.0001914744+0.0003980891i,-0.0004906217+0.0004482078i,-0.0001160666+0.000796078i,3.853481e-05+0.0007031469i,0.002268324-0.0001190841i,-2.952975e-05-0.001274088i,-0.0009545333+0.000183383i,-3.086865e-06+0.0004008274i,-0.0004218836-0.0008105586i,-0.0009322984+0.0002442574i,0.001082237+0.0007065286i,-0.0003301521-0.0001883064i,-0.0003976185+0.0006919338i
-0.00115476-3.558963e-05i,0.0002465349-0.001004129i,0.0002701193+0.0001621545i,-0.0003914355+0.000916015i,-0.001020994-0.0007404591i,0.0004818223-0.001353314i,0.001037943+0.0009863874i,-0.0003329368+0.0007149631i,0.0007498828-0.0007295242i,-0.000341937+5.431472e-05i,-0.0003450658+0.0001858085i,0.0004301873+0.0004407361i,0.001568331-0.0003698576i,0.002002163+0.0007493047i,0.0007439098+0.0005534428i,-0.0004036815-0.0005494033i,0.0004637297+0.0007795553i,0.001026713+0.0006008911i,-0.0006839327-0.001075079i,0.0001638031-0.001922872i,0.0002909991-0.0020632i,0.00236153+0.0005560998i,0.003602077+0.002874738i,0.001738182+0.004631811i,0.0007733425+0.005314596i,0.0004444067+0.005805658i,0.001522039+0.00430546i,0.001549582+0.002396731i,0.0006526905+0.0001077943i,0.0005408007-0.0008146412i,-0.001010552+0.00138318i,0.000386809+0.002953729i,0.002144045-0.0009455619i,0.0004242899-0.002392234i,-0.002008716-0.000989945i,-0.0005357196+0.001891774i,0.001489341+0.0002020288i,0.0001659661-0.001038699i,-0.0001560795+1.767879e-05i,-0.0004584968+0.0007176849i,2.093496e-05-0.0001543267i,0.0005781342-0.0004777616i,0.0006174739-1.310108e-05i,-0.001360035-0.0001970526i,-0.0009532288+0.0006454893i,6.856587e-05-0.0007725555i,6.949521e-05+0.0005033634i,-0.0006646151+0.0015422i,0.001289465-0.0002381813i,-0.000817371-0.000906398i,0.0002874536+0.0002944514i
-0.0003742914+0.0003168613i,-0.0005490573+0.0001596264i,0.0003433147-0.0001090942i,0.001064791-0.0001968231i,-0.001518594+0.000931327i,-0.000390781-0.0003486416i,0.001478416-0.0001676829i,-0.0005405582+0.001397859i,-0.0003261914-0.0001188154i,3.666932e-06-0.0001850167i,0+0i,0.0007994377-0.001144676i,0.001093248-0.001156964i,0.002294098-0.001261632i,-0.000423721+0.0001691907i,0.0006831709-0.0003834099i,0.001997319+0.0003477654i,0.001067092+0.0008859946i,-0.0001722872+0.001407168i,-0.004077827-0.0005542887i,-0.004112816-0.002263616i,-0.001668107-0.00378306i,0.001209647-0.004172015i,0.003762032-0.002320806i,0.004951444-0.001582586i,0.00491604-0.001372883i,0.003822265-0.001856877i,0.00191653-0.003565289i,-0.0005622101-0.002537814i,-0.003578358-0.0002366509i,-0.0007142341+0.0003246377i,0.00087834+0.001247419i,-0.0004154767+0.0004220222i,0+0i,0.0004169444+0.001290759i,0.001549239-0.0001189122i,0.001169678-0.00186747i,-0.0008147322-0.001587903i,0.001323823+0.00166542i,0.001513219+0.0003899693i,0.0004450296-0.001056313i,0.0006597928-0.000398156i,0.0002498254-0.0002750986i,-0.0009352894+0.0004163633i,0.0007765888+0.0003586861i,0.000241068-0.0005778598i,0.00037608+0.001615191i,0.0005051511+0.0009815543i,0.0005940081-0.0007979113i,-4.380637e-05+0.0004995238i,0.0002269772+0.0009503732i
-0.0006020303-0.001383254i,0.0001988073+0.0002690682i,-0.001202176+0.001118922i,0.0001947298-0.0006602767i,0.0002117106+0.000761699i,-0.0002790149-0.001596377i,0.0003170879-0.001158922i,0.0008120279+0.0006221223i,0.0005247035+0.001069627i,0.0003370761+0.0001737476i,-0.0004285458-0.0006399737i,7.478693e-05-0.000931857i,0.0005591053-0.001336835i,0.0003678522-0.0006569008i,-0.0001992596+0.0003273675i,-0.0004639946+0.0002182877i,-0.0008949269-0.0005425779i,0.001402535-0.00144396i,0.002206445+0.00149056i,0.000576776+0.001978893i,-0.001667039+0.003061869i,-0.003877173+0.00347048i,-0.002817885+0.0008678078i,-0.002813379-0.001658828i,-0.002582459-0.002734839i,-0.00263161-0.001882821i,-0.003385251-0.002001232i,-0.003422582-0.0003138154i,-0.002803974+0.0009156296i,-0.001948316+0.003234861i,0.0001114149+0.002733211i,0.0004427481+0.0001501731i,0.000278824+0.000578315i,0.001912412+0.0008625106i,0.002142031-0.0005880228i,0.000559837-0.002185753i,-0.001480244-0.001460206i,-0.0002414603+0.001257998i,0.001421548+0.000992489i,0.0005479287-3.872455e-05i,-0.0005911287-0.0006500412i,-0.0004398697+0.0002138801i,0.0004211484+0.0008230681i,0.0009088838+0.001181573i,-0.0001337424+0.0002697357i,3.316539e-05-0.0006825852i,0.0005034225-0.0003516655i,-0.0002296839-0.0002291283i,-0.0004312975+0.0002378934i,-0.0009026583-0.0005231639i,0.0007093264+0.0003699738i
7.852266e-05-0.0007621764i,0.000210648+0.0006757568i,-0.000828998-0.0007916391i,0+0i,0.0005766406+0.0003121544i,0.0001510867-0.0002872451i,-0.0004366353-0.0001390595i,-0.0003692269-0.0001543877i,-0.0001792884+0.0002796093i,-6.487688e-05+0.0003202435i,-0.001163244+0.0002791124i,-0.001546633-0.0009697694i,-0.0008813308-0.001328071i,-0.0002342793-0.001293044i,0.001443299-8.056277e-05i,0.0003686694+0.001410112i,-0.001066628+0.001123462i,-0.001646365-0.0007646732i,0.0007580848-0.001874464i,0.002452462+0.0001753795i,0.002735817+0.002235635i,0.003211503+0.001710671i,0.002834524+0.002044768i,0.0008394136+0.003008457i,0.001386722+0.00310537i,0.0007838529+0.003396802i,0.001974458+0.002413075i,0.001437584+0.003279226i,0.003841136+0.002873409i,0.00275642+0.001072738i,0.002046375-0.0007372786i,0.000586506-0.001193603i,-0.0004271359-0.00117786i,9.400388e-05-0.001087084i,-0.001157269-0.000378702i,-0.0002755904-0.000281108i,-0.0006595248+0.00113223i,0.001756248+0.0009845474i,0.0007041167-0.0002457092i,-0.0003728169-0.0005368132i,-0.0002647834+0.001070264i,-1.737715e-06+0.0004970936i,0.000321357+0.0002693057i,-0.0006812557+0.0001650245i,0.001443746+1.397756e-06i,-0.001408455-0.0004448823i,0.0001501466-0.0003049588i,7.929324e-05+0.0003690018i,-0.0004057706-0.000547394i,0.0004966715+0.0004970124i,0+0i
0.0003209819-0.001335954i,0.0001803789-2.168162e-05i,0.000298086+0.0001371439i,0.001108248+0.0002117303i,-0.0008675219+0.0001114397i,-0.0001562311+2.466298e-05i,-0.0006905762-0.0005035073i,-0.0005596303-0.001211439i,0.0008434292-0.0006561009i,0.000675776+7.593555e-05i,-0.0001422941+0.001866521i,0.0002790214+0.0005140661i,-0.0008651293+9.662529e-05i,0.000947162-0.0006197952i,0.001333992-0.001420903i,0.002190398-0.0003550683i,0.001267766+0.001567558i,5.23518e-05+0.001653472i,-0.0001031698+0.0006088286i,-0.001159136-0.0009920174i,0.0002066215-0.00147719i,0.0006287202-0.002900427i,0.001125778-0.002958166i,0.001880864-0.003128526i,0.003346405-0.002625351i,0.003126104-0.001547674i,0.002320591-0.002523601i,0.001798141-0.003454298i,0.002231873-0.00280597i,0.000252951-0.002531569i,-0.001148906-0.0002947962i,-0.0005278966+0.000208085i,0.0009508149+0.0002874227i,0.0001273319+0.0001247562i,0.0001397833-0.00036671i,-0.0003499621+0.0004969226i,0.0008112068+0.0004043826i,0.0002440702-0.0006447109i,0.0002650446-0.0003203706i,0.0004037527-0.0002515621i,0.0002799398+0.0002357281i,-0.0006622461-0.0007403545i,-0.0004115706-0.0005626903i,0.000605659-0.0009268808i,0.00122282+5.985764e-05i,-0.0002861263+0.0007081899i,0.0004278589+0.000239874i,5.354261e-05-0.0005739065i,0.0002934151+0.0007966626i,0.001247928-0.0001726121i,9.357446e-05-0.0001351719i
-0.0006219064+0.0003050377i,-0.0002376874-0.000742648i,-0.0002443236-0.000731069i,-0.0005000111-0.0003134258i,0.0002943707-0.0001962182i,0.0002251348+0.0009553501i,-0.001085777-0.0002513163i,-0.0005481281+0.0002306512i,0.0004936995-0.0003194631i,-0.0001836412-6.528348e-05i,-0.0005300184+0.0006386039i,-0.0007108526+0.0008220742i,-0.001020934+0.0007253184i,-0.0006209789+0.001000697i,-0.001882196-0.001096979i,0.0005257274-0.001487181i,0.0002894171-0.001133203i,0.00170197-0.0002555446i,0.002440074+6.191836e-05i,0.001109027+0.001708325i,-0.0007713247+0.001803932i,-0.002345129+0.0009411469i,-0.003056539+4.289425e-05i,-0.00379319-0.001185973i,-0.003013905-0.001768499i,-0.002659731-0.001854778i,-0.004174127-0.001667866i,-0.003431842+0.0002631476i,-0.003087146+0.0004232791i,-0.001240668+0.0009301233i,0.0009135698+0.001326143i,0.001141012+0.001849959i,0.001279155+0.0001677377i,0.00122571-0.000857391i,-0.0001354967-0.0003453805i,-0.0005346389+0.000238962i,0.0003993095-0.0004824746i,-0.0001893323-0.000849755i,-0.0004395739-6.061352e-05i,0.0004628143+0.000262552i,1.173937e-05-0.0008387452i,-0.0006268094-0.0008472116i,-0.0004700327+0.0008055089i,-3.201118e-06+0.0003636709i,0+0i,0.0002964826-2.061556e-05i,0.0009314437-2.937053e-05i,0.0007275929-0.0002869689i,0.0001206676-0.0003348544i,0.000140522-0.001263583i,0.0003109995-0.0006251204i
-0.0001561664+0.0007158611i,-0.0004143273+0.001183328i,-0.0006812534-0.000378702i,-0.0008572842-0.001013965i,-0.0002072436-0.0003012379i,-1.888965e-05+0.0001768754i,0.001089397-0.0002653233i,-0.0001979387+0.0004992643i,-0.0001589143+2.246293e-05i,0+0i,0.0005566244-0.0004147661i,-0.0002240741+0.001139268i,3.199533e-05+0.0006636922i,0.0008730484-0.0002287218i,-0.0003018379+0.0005919297i,-0.000676494+0.0003250758i,-0.001676265-0.000176588i,-0.00265541-0.0009318709i,-0.0004368692-0.003073832i,0.003142751-0.002454494i,0.002567807-0.0005072967i,0.001840718+0.0002082044i,0.002034347+0.003225038i,8.446587e-05+0.00306999i,-0.0009853329+0.002574152i,-0.001222863+0.002415406i,0.0006584476+0.001911437i,0.001145362+0.002466942i,0.002068938+0.00251883i,0.002074429-0.0004069113i,0.002282216-0.002093567i,8.520312e-05-0.002097134i,-0.0003548027-0.001176349i,-0.001289514+0.0001123337i,-0.001623026+6.587839e-05i,0.0001343632+8.104102e-05i,0.0008764837+0.0009442107i,0.0001279654+0.0003487068i,0.0004100911+0.0001133473i,-0.0006526271-0.0001797271i,-0.0009644401-0.001149604i,-6.292664e-05+0.001974718i,0.001047664+0.001168869i,0.0002447349-0.0007826267i,0.0002469436-0.0007553212i,0.0005237454+0.0004324511i,0.0004316669-0.0005159297i,0+0i,-0.001012949+0.000505168i,0.0004170478+0.001131379i,-0.0001511994-0.0006911299i
0.0008318726-0.0001915923i,0.0002684737-0.0007001933i,-0.0003521327+0.0005541963i,-0.0005961528-0.0001521507i,-0.0005087351-0.0002446014i,0.0001404701-0.0001089559i,0+0i,-0.0007387931+0.001423417i,-0.0003609752+0.0001029519i,0.0007604829-0.000669166i,-0.0005345066-0.001027804i,0.001798084+0.0005840139i,-0.0006905884+0.00137772i,0.0004105822-0.0002945024i,0.0002341733-0.0006326089i,0.001448018-1.164609e-05i,0.001689936+0.001205069i,-0.0005106005+0.001699447i,-0.002129917+0.0008470248i,-0.001852607-0.001015732i,-0.001468237-0.002093029i,0.0001477545-0.003082769i,0.0008835417-0.002755372i,0.00138151-0.001394679i,0.0018916-0.0006874465i,0.002321194-0.001323635i,0.001263109-0.00133333i,0.00086555-0.001755869i,0.001083137-0.002489688i,-0.0004201384-0.002453226i,-0.001596952-0.001971591i,-0.002618583+4.634358e-05i,-0.001418718+0.001352786i,-0.000216356+0.001827971i,0.0004708525+0.001033194i,0.0006108477+0.0002588266i,0.0004973012-0.001265436i,0.0002140103-0.0006752614i,-0.0008493025-0.001357944i,-0.0009584623-0.0005091481i,-0.001678948+0.001161403i,0.000930745+0.0005619065i,0.0003083854-0.0005135367i,-0.0003448119-0.0003815376i,0.0002860925+0.0003378433i,0.0005659989+0.0002033491i,-0.0007442775+0.0001999891i,-0.0003991858+0.0002228674i,4.673441e-05+0.0001600322i,0+0i,-0.0004905951+0.0006377577i
-0.0003341648+0.0009844129i,0.0001818954+3.409451e-05i,0.001008827+0.001030819i,6.189262e-06+0.001106871i,-0.001588429-0.0008607261i,-0.0005925627-2.225489e-05i,0.0002636184-0.0006435352i,-0.0004106441-0.0001844145i,0.0002872724+0.001087866i,-0.0005427759+0.00114169i,0.0001731588-0.0009981106i,0.0007122181-0.0001343235i,0+0i,8.691712e-05+0.001261642i,-0.001206674+0.0008246045i,-0.001361978-0.001761816i,0.001169791-0.001022604i,0.003105319-0.001132182i,0.001342352+0.0009074126i,-0.0007032587+0.002510807i,-0.001039037+0.002051703i,-0.001204509+0.001185809i,-0.001198618-0.0001215537i,-0.001764435-0.0007619739i,-0.0001402391-0.0008184154i,-0.0011577-0.0008412757i,-0.001232328+1.247037e-05i,-0.0006890676-8.234884e-05i,-0.001864546+0.001258983i,-0.0004552568+0.0008928381i,0.0001252682+0.002216984i,0.0008778677+0.002194883i,0.001685158+0.0004974711i,0.001100596-0.0002557982i,0.0004564484-0.0009236977i,0.0006908845-0.001476398i,-0.0003953741-0.0006834612i,-0.001087347-0.0008004481i,-0.001115564+0.0002285515i,-0.000813521+0.000889437i,0.0002062209+0.001017029i,-6.188286e-05-0.0001494022i,-0.002073929-0.0007151144i,-0.0008117708+0.0004218106i,0.0008959317+0.0009395358i,0.00026857-0.001046153i,0.001326164+0.0002012406i,0.0002600212-0.000391364i,-0.001110392+9.719953e-06i,0.0001487454+0.000882133i,0.0009113932-0.000446817i
0.0004371685+0.0001342277i,0.0002797194+0.0001927222i,-0.000714915-0.0006827329i,0.0003973462-0.0005081582i,-8.137148e-06+0.0003048876i,-0.0009837754+0.0004994264i,6.882381e-05-0.0004655757i,0.0005427395-0.001033792i,0.001175014+0.0005208068i,-0.0007117083+0.0008927011i,-0.0006398518+0.0003044163i,-0.00129741-0.001993924i,0.0001934118-0.001914973i,0.002283506-0.0002513382i,0.0008130312+0.002354186i,-0.001969189+0.0009785979i,-0.00306874-0.0009147619i,-0.002359025-0.001476143i,0.000882333-0.002521376i,0.002691412-0.001742198i,0.002581219-0.0001195746i,0.003093969+0.0007656952i,0.001828985+0.0002806996i,0.001726046+0.0007089993i,0.002350911+0.001567695i,0.0013005+0.0008290061i,0.001951145+0.001401006i,0.001918079+0.0003055213i,0.001353313+0.0004950548i,0.002368873+5.460406e-07i,0.002222703-0.0008171385i,0.0001921947-0.001484059i,0.0001485678-0.001705816i,-0.001072033-0.001988815i,-0.001334605-0.0002567212i,-0.001069586+0.0002867167i,-0.000849266+0.0001715787i,-0.0001613696+0.0008908993i,-0.0008794784+0.0005591182i,0.0005373696-0.0003742543i,0+0i,-0.0002642581+0.0002677057i,0.0006898162+0.001348939i,0.0009214559+0.0004474423i,0.0007164195-8.161803e-05i,1.643081e-05-0.0001726058i,-0.0004689351+1.984296e-05i,-0.0001725331-1.50019e-05i,-0.0002777211-0.0009211988i,0+0i,0.0003569161+0.0001533795i
0.0007244043+0.0002575925i,0.0009128836+0.0001651752i,0.0006394334-0.0005288589i,-0.0007471547-3.867218e-05i,0+0i,-0.0008510713+0.0008816295i,-0.001219641+2.497398e-05i,-0.0008759393-0.0004978989i,-0.0001277121-0.0003252272i,0.001239791+0.0005891192i,-0.001221786+0.0009108255i,-0.000699908+0.0002870604i,-0.001185104-0.00158036i,-0.0008106099-0.001406522i,0.001359109-0.0005087852i,0.001419312+0.0002130581i,0.0009420538+0.001700729i,-0.001675132+0.001676726i,-0.002226935+0.0007683872i,-0.003297589-0.0009283312i,-0.001895601-0.0008185382i,0.000348444-0.001863066i,-0.0007241974-0.00326565i,-0.0002629121-0.004072511i,-0.0006344885-0.002469472i,0.0005850178-0.00166556i,-0.0009736267-0.002657255i,-0.0004023906-0.002234417i,-0.0009876386-0.002230468i,-0.001368628-0.002781846i,-0.001009781-0.000720795i,-0.001711954+0.0002513806i,-0.002076074+0.0005531687i,-0.001113748+0.001498172i,-0.0001311989+0.0001427529i,0.001565702+0.0007980657i,0.0004656997-0.0002716833i,-0.001173719+0.0002637051i,-0.0002698966-0.0001879751i,0.0004419384+0.0001093474i,-0.0007388883+5.633874e-05i,-0.0004859782+0.0004962755i,0.001262642+0.001013405i,0.000776021-0.0006511065i,-0.0007606345+9.574258e-06i,-0.0004963545+0.0005331406i,-2.453285e-05+0.0001819195i,0.0006006105-0.001244103i,-8.838205e-05+0.0005380118i,-0.0003131223+0.000105636i,0.0003195593-0.0001745272i
-0.0001514508+7.772083e-05i,0.0009509416+0.0003542719i,-0.0003126048-2.89035e-05i,0.0003062694-0.0003726399i,-0.0001675449+1.522415e-05i,0.0005407144+0.00111399i,-8.054662e-05+0.0003373711i,7.677285e-05+0.001045699i,-0.001417829+0.0004754478i,-0.0007053216-0.001018191i,-0.0005974048-0.0008123916i,0.001000181+0.0003265306i,-0.0003664957+0.001644372i,-0.001438146+0.001810767i,-0.001565943-0.0008759492i,-0.0003190417-0.00159488i,0.001128864-0.001140572i,0.002128755+4.72325e-05i,0.0006652136+0.00203401i,-0.0006760989+0.001394632i,-0.0002896293+0.001759429i,-0.001841397+0.001152712i,-0.002070057+0.001161164i,-0.001988356+0.002058952i,-0.002925507+0.0009589799i,-0.001432401+0.0009274092i,-0.002672204+0.001455506i,-0.003014279+0.00194721i,-0.001821701+0.001149641i,-0.0004370805+0.001767466i,-0.0003248116+0.0009068224i,0.0009010914+0.0008751389i,0.001439905+0.000593613i,0.001167141-0.001320598i,0.0005309919-0.0009263412i,8.856882e-07-0.0007774386i,-0.0002887099-8.666326e-05i,-0.0006316567-9.525268e-05i,0.0006403293-0.0008632089i,-0.0003218265-6.556705e-05i,0.0002655042-0.0002154199i,0.0006659467+0.0001706048i,0.0007120816-0.0004428424i,0.0002223606-0.001049365i,-0.0004604801-0.0005973682i,0.0004629997+0.0003993675i,0.0002105264+0.0008096293i,-0.0008908057-0.0007458143i,-7.796406e-06+0.001113046i,1.71006e-05+0.0009623382i,0.0004305376-0.0003029575i
-0.0004456199+0.0003705956i,-0.0008229939-0.0001035962i,-0.000161067-7.248778e-05i,0.0001738458-6.994657e-05i,-0.0006236566+0.00075361i,-0.0007463724-0.0003750991i,-0.0008264307+0.0002941821i,5.734429e-05-0.0001609114i,-1.248344e-05+0.0007396195i,0.0007481909+0.0004574952i,-0.002212829-0.0007253233i,0.0004748098-0.001610039i,0.001319681-0.001166339i,0.00081155+0.00133935i,-0.0003604489+0.001313422i,-0.001631651+0.0005940961i,-0.001585986-0.0008853218i,4.494875e-05-0.001087369i,0.001832679-0.001614071i,0.001378851-0.0009585131i,0.001512531-0.001110052i,0.00255722+0.001077268i,0.001889782+0.0009172053i,0.001967947+0.001458609i,0.002432058+0.001076691i,0.001894896+0.0006293237i,0.0008919324+0.001747243i,0.001149568+0.001751662i,0.002452772+0.0003795201i,0.001847914-0.0002212779i,0.001474267-0.00111822i,0.0009952931-0.002417056i,-0.0007415825-0.001947424i,-0.00131748-0.001197312i,-0.001499156+0.0002685801i,-0.0005762691+0.001256745i,-0.0001009155+0.001423486i,0.0008679444+0.0006848075i,0.00103979+3.351788e-05i,0.0001167447-0.0003366261i,-0.0006098391+4.600461e-05i,-0.0003049239+0.0007058211i,0.0004159214+0.0001552543i,1.108541e-05-0.0004160133i,-0.0005439331+0.0004365153i,0.001124491+5.794699e-06i,0.0005951944-0.0007236174i,-8.559386e-06-0.0003628967i,0.0007317069+0.0007894461i,0.0003746579+0.0008460503i,0.0006547969-0.000218951i
0.0008306931+0.0006752512i,0.0003009925-0.0002539283i,-0.0001159975+0.0005858942i,0.0004709259+0.0004376691i,0.0002014812+0.0004591205i,0.0006558208+0.00118638i,-0.000949077+0.001186123i,0.0004327912-0.0008584575i,0.0007228259+0.000104393i,0.00126166+0.0004318718i,-6.386412e-05+0.001350955i,-0.0003730857-0.0006093452i,-0.0003356663+5.564459e-05i,-0.0007330721-0.001602832i,0.001640737+0.0001181176i,0.001987068+0.0002793241i,0.0005104381+0.001152667i,-0.00102577+0.001335106i,-0.001348945+0.00108495i,-0.000630321-0.0001723259i,-0.0007358944-0.0004702148i,-0.001099576-0.001733399i,-8.648956e-05-0.001147868i,-0.0006846134-0.001784892i,8.906267e-05-0.002442746i,4.652264e-05-0.001840098i,0.0006381664-0.001128922i,0.0007966783-0.001442995i,-0.000316647-0.002419595i,-0.0005506983-0.001538392i,-0.002469141+0.0003333758i,-0.001293871+0.0004327205i,-0.0009606382+0.001760137i,-0.001039767+0.0009208107i,0.00144977+0.001287405i,0.001577114+0.0003375814i,0.00154968-0.001423174i,-0.0001818844-0.001262414i,-0.0003188624+0.0001264627i,-0.0009568704+0.0006813614i,0.0001894675-6.362643e-06i,0.0006015447-0.0002749085i,0+0i,-0.0007143389+0.000502697i,0.0003582893-0.0002497754i,0.0004613957-0.001043193i,0.0008866876-0.0002854418i,-0.0005794592-0.001096856i,0.0008634208+0.0007491343i,0.0005694324+0.0002823237i,-0.0004119614+0.0004336268i
