-0.0004779906+0.001108783i,-0.0003373795+2.537424e-05i,7.391666e-05-0.0001368366i,-0.0003364279+3.18786e-05i,0.0003613271+0.0001352899i,-0.0004696325-3.840425e-05i,6.030728e-05-0.0005551885i,0.0004623166+0.0005080989i,-0.0003791573-0.0002254899i,0.000667336-0.0007980294i,0.0004536768+2.168628e-05i,0.00117384+0.0008432983i,0+0i,-0.0007730906+0.0006248907i,-0.0004992048-0.000292278i,-0.001063394-0.0001490227i,-0.0006666455-0.0007889004i,0.0007108345+0.0001195444i,7.422466e-05+0.001108412i,-0.0003152153+0.0005195471i,-0.000178595-0.0006103329i,4.227057e-05+0.0006798118i,0.0005753267+0.0004813448i,-0.0004294158-0.0003878138i,0.0003736826-0.0005327263i,0.0003772635-0.000285155i,8.324206e-05-0.0003785396i,2.127546e-05+0.0008220875i,0.00062149+0.0005186378i,1.823151e-05+0.0004800374i,0.000951274-0.000255869i,-0.0002400301+0.0006236824i,0.0002151918+0.0002667296i,0.0001837542+0.0005935633i,-8.141241e-05-0.0004288078i,-0.0003357651-0.001342623i,0.00102968+0.0006661949i,0.0002437487-0.001339972i,-0.0002380143-0.0001934949i,-0.0001809294+0.0002685506i,-0.0004041849-0.0001255608i,0.0002049116+0.000914898i,0.0007171314-0.001426872i,0+0i,-0.0007287596-9.273398e-05i,0.0001404328+0.001077192i,0.001489802+0.0003212589i,0.0004281321-0.001237304i,-0.0007483036-0.0008328215i,-0.000781713+0.0001772033i,0.0003224002-0.0001134569i
-0.0008182597-0.001340555i,0.0001195307-0.0007400903i,0.0003988509+0.0001077268i,-0.0004188765+0.0007983546i,-0.0002607734-0.000368992i,-0.0008204337-6.012863e-05i,-0.0009022229+0.001585323i,-0.000245953-0.0009299637i,0.0006936868-0.001021664i,9.518472e-05+0.0003529102i,0.0001753393+0.001642617i,-4.259179e-05+0.000320025i,-0.001839783-0.000229087i,0.000187479-0.00104272i,0.0007978647-0.0004181415i,0.0005610787-0.0008361088i,0.0006962945-0.0001202702i,3.13821e-05+0.000702115i,-0.001130053+0.001160288i,0.0002653954+0.0002548409i,1.962827e-05-0.0004329913i,0.0006454218-0.0004094832i,-0.0007130455+2.644858e-05i,-0.000689955+0.0009884998i,0.0003359093+0.0005772914i,-0.0004776788-0.0004167436i,-0.0003142774+0.0001521087i,-0.001554671-0.0005209297i,0.0004391937+0.0002031674i,-0.0001637445-1.958331e-05i,-0.001188561-0.0004413764i,-0.0003559084-0.0008267185i,0.0006570444+0.0003507734i,-0.0001595122+0.0009678052i,0.0004467044+0.001311892i,0.0003122014-0.0008735749i,-0.000492179+3.545012e-05i,0.0003477368+0.0001810937i,-8.933416e-05+0.00053741i,0.0003792396-6.633646e-05i,-0.0009922876-0.0002159414i,-0.001136083-0.0002170605i,-9.206179e-05+0.0007875806i,0.000640728+0.0006852913i,-0.000345096-0.001333748i,-0.0009452688-7.085511e-05i,7.848704e-05+0.001648013i,0.001830077+0.0006424159i,0.0003813134-0.001464386i,1.124206e-05+0.0003294712i,8.498396e-05+0.0001529872i
-0.0004765362-0.0002032821i,0.0002993845+0.0004137404i,0.0006044742+0.0004965682i,0.0001334259-0.0001117958i,2.232521e-05-0.0003101738i,0.0009457873+0.0002204139i,-0.0001960407+0.0002733327i,0.0002382363+0.0002241207i,0.0005804247-1.2236e-05i,-0.0008129545+0.00190399i,-0.001094642-5.450309e-05i,-0.0003537022-0.0008796465i,0.001080824-0.0006159677i,0.0003132356-0.0002052285i,8.883442e-05+0.0003270144i,-0.0007659729+0.0001758148i,-0.0002559045-0.0009072677i,0+0i,0.0007292766-8.499285e-05i,0.0003379289+0.0001733657i,0.0004951241+0.0003772894i,-0.0001612708+0.0006466362i,-0.0004002294+0.0002231847i,-0.0009998825-0.001041422i,-0.0005591992+2.300275e-06i,-0.0004542525-0.0004213524i,-0.0004554217-4.889258e-05i,0+0i,0.0003562825-0.0002447937i,-0.0003701178-0.000567277i,-0.0002959584-3.292823e-05i,0+0i,-0.0004278552+0.0001267932i,-0.0009552893+6.337098e-05i,0.0001596932-0.0005969056i,0.0005545937+0.0004120111i,-1.965009e-05+0.0001726071i,-0.0003037949+0.0004268174i,-0.0003749141+0.00074916i,0.0002912597+0.0006364436i,0.001330484-0.0002594804i,0.0001219287-0.001212737i,-0.0007224753-0.0002328487i,0.0001909205+0.0004231454i,-0.0005131909+0.0008805298i,-0.0002353894+0.0001426454i,-0.0007892541-0.0001473242i,-0.0002587343-0.0002048719i,0.0005835348+0.0007932216i,0.0003457936-0.0001503829i,-8.698526e-06-0.00036901i
0.0003724959+5.244631e-05i,-0.0006783505+0.0004732651i,-0.0009117826-0.0004773399i,0.0001323149-0.000904044i,0.0004754318-2.312329e-05i,0.0001010278+0.0007110049i,-0.0004897065-1.890337e-05i,0.0007275369+0.000508206i,-0.0004223421+0.0006950722i,-0.001386894+0.0002172651i,-0.0004034205-0.0002874963i,0.001133423+3.689665e-05i,0.0006631722+0.0009906982i,-0.00155587+0.001173827i,-0.00137716-0.0007185384i,-0.0003867102-0.0003024211i,0.0005526569+0.0004408321i,-5.465188e-05+0.000898589i,-0.0006824551+0.0001288065i,-0.0006780747+0.001011974i,-4.126125e-05-0.001026859i,-0.0006564721+0.0001021576i,0.000348996-0.0009811122i,5.328808e-05+0.0002304338i,0.0005853611+0.000680977i,9.976372e-06+0.0003677142i,0.0003168669-0.0005991925i,-0.0006670887-0.0002717511i,-0.0001675619+0.0007643314i,-0.0002634245+0.0007981114i,-0.0004865848+0.0006712232i,-0.0005241201+0.0003817405i,0.0008611049-0.0004858188i,-0.0007168342-0.00114574i,-0.0008405035-0.0004781494i,-0.0001421639+0.0006057125i,0.0002816666+0.000476671i,0.000266702-0.0006427104i,-0.0004739284-0.000856809i,-0.000397234+0.0004825487i,-9.108075e-05+0.0007992333i,0.0005577963+0.000354479i,0.0001873013-0.0003559129i,-0.0007451762-4.477586e-05i,0.0007204375+0.0008422102i,0.0007752605-0.0003026976i,-1.59651e-05+0.0003636346i,-0.001189359-0.0002513641i,-0.0004920527-2.131818e-05i,-0.0008276823+0.000960617i,-0.0004068839-0.0001221207i
-0.0005451589+0.0006878116i,-0.0007347474+0.0008748948i,-0.0002160683-0.0006928121i,-0.0003138018-0.0002302311i,0.0006867645+0.0006298254i,-0.0001450262-0.0001077889i,-5.609696e-05-0.0003333021i,-0.001596943+0.000476663i,-0.0001458279+7.582262e-05i,0.0005007476-0.0002845734i,0.0004459149+6.309369e-06i,0.0005604247+0.00112545i,-0.001959275-0.0004789143i,-0.001500199-0.001629877i,0.0003890732-0.001445858i,0.0006002897+2.230901e-05i,-0.0005922067+0.0006888146i,-0.001096396+0.001263894i,-0.0009178484+0.0007129791i,-0.0009139388-0.0003704678i,8.098026e-05+0.0001486061i,0.0002286693-0.001679658i,0.0005913808+0.000219741i,0.0003267484+7.708687e-05i,0.0002588943+0.0008332201i,0.00103331+0.001270526i,0.000663242+6.018506e-05i,0.0004977328-0.0007573742i,-0.00044866-0.0001407671i,0.0009542312-3.410168e-05i,-0.0008761522-0.0004215358i,-0.0006838081+3.720816e-05i,7.864292e-05+0.0009126423i,0.0001877424-0.0006553727i,0+0i,-0.0001871448-0.001225639i,-0.001040151+0.0004787496i,2.01869e-05+0.0003125393i,0.0001422487-0.000386282i,-0.0004157438+0.000337035i,-0.001537456-0.0001336742i,-0.0008129156+0.0003817818i,0.0006515052+0.000488665i,0.0007361586-0.0002956395i,0.0001022285+0.000520487i,0.0003237484+0.0007710889i,0.0005743051-0.0002081115i,0.0007958348-0.001094926i,0.0004876854-0.0001343198i,-0.0001546811+0.001064028i,-0.0001102381-0.000295783i
-0.002133332-0.0002593801i,-9.323233e-05-0.001368741i,0.001677105+0.0002420909i,-0.0001471164+0.0009156404i,-0.0007987079-0.0008400713i,0.0004674967-0.0007129959i,0.0001809648+0.0009353245i,-0.000378232+0.000501455i,-0.000323468+0.0001923217i,0.00107622-0.0007928802i,-0.0001286059+0.0007401437i,-0.002398432+0.00113594i,-0.0001543106-0.0004411509i,0.002052475-0.0005688657i,0.001412111+0.0002318504i,-0.000637172+0.001528924i,-0.0008187844-0.0003741612i,0.0002832992-0.001281043i,0.0005690756-0.0003761969i,0.0001624324+0.0008446433i,0.0001693778+0.001017792i,-0.001136448+0.0006140517i,-0.0007313922+2.024144e-05i,0.000183651+0.0008630361i,-0.0009062444+0.0003295347i,0.0004271642+0.0004140331i,0.0003729379+0.0005984043i,0.0009137099-0.0001334461i,-0.0001539969+0.0004458746i,0.000644711-0.0003250964i,-0.0002941758+9.02048e-05i,0.0005772326-0.0007710821i,-0.0005241277-0.001138102i,-0.0002287572+0.0004491475i,0.001082672-0.0001988312i,0.0004226206-0.0006264564i,-0.00037099+8.489519e-05i,-0.001304009+0.0006710232i,-0.0001221766+0.001619249i,0.0004626525+0.0009600421i,7.747491e-05-0.001120916i,-0.001271998+9.761861e-05i,-0.0001727643+0.0006680258i,-0.0003722993+0.0008606757i,1.360554e-05-0.0006914678i,0.0001049684-0.0003216787i,-0.0001069436+0.0011239i,0.0006192605-0.0002299088i,3.317438e-05+0.0001888009i,-0.000746391+0.001433764i,-0.001093988-0.0002131855i
0.0009026523-0.0009477343i,0.001250867+0.0001773082i,0.000648994+0.001638474i,-0.0007113136+0.0006219581i,0.001463832-0.001158356i,0.0005663413-0.0003527365i,-1.476437e-05+0.001302907i,-0.000318693+9.225875e-05i,-0.000594124-4.383877e-05i,0.0004647431+0.000428886i,-0.001049366+0.0008728457i,-0.0004506868-0.0003748862i,0.0006603928-0.0004534364i,0.0005199965+0.0008804893i,0.0003138771+0.0002127154i,-0.001377097-0.001115147i,0.000732261-0.002311752i,0.001070402-0.0004533659i,0.001592453+0.000638016i,0.0005392442+0.0007053915i,-0.00138929-0.0001792302i,-6.377148e-05-0.0007268199i,-0.0001718983-0.0009217042i,0.0005499288-0.0003692187i,0.0009486557-0.0008255647i,-0.0004466916-0.001298763i,-0.0003504345-0.0009721388i,6.133431e-05-0.0002862148i,-0.0008585487+0.0001169759i,-0.0002373708-0.0009665552i,-0.000455722-0.0005116354i,0.0001653087-6.453459e-05i,-0.0008202484-1.606291e-05i,-0.001669882-0.0002550974i,-0.000165687-8.83314e-05i,7.83778e-05+0.00100043i,0+0i,-0.0005476842-0.0004604572i,-0.000212824-0.0004115062i,0.000378119+0.000935337i,0.0006479392+0.0007289897i,0.000451906-0.0003918068i,0.0007586522-0.0003178941i,-0.0006383414+0.0002807528i,-9.515372e-06+0.0004577302i,0.0001179762+0.0005406707i,-0.001202561+1.707211e-05i,-6.407424e-05+0.0003427444i,0.000327462+0.0005733378i,-0.0006451916-0.0008416564i,-0.0006716954+0.0004753759i
0.001108566+0.0004537235i,-0.0003797123+0.001925939i,-0.001212844+0.0002913791i,0.0007705488-0.0009269657i,0.001200546+0.0006408308i,-3.323573e-05+0.001427408i,0+0i,0.001307655-0.0006936428i,0.0008339399-0.0007488382i,-3.974299e-05+0.001021591i,0.0004451031-0.000521414i,-0.0007205519-0.0002166851i,-5.1091e-05+0.000226209i,-0.001401212+0.001078343i,-9.198811e-05-0.0003382037i,-0.0002860222-0.001433481i,0.001538651+0.0006238477i,0.0004922285+0.0007485217i,-0.0003117022+0.001057568i,-0.0009682227-0.001011126i,0.001111155-0.001548924i,0.000188033-0.0004323702i,0.0005786378+0.0008728519i,0.000170901+0.0003575349i,0.0006009925+0.0007758518i,0.001231371-0.0001687795i,0.0007288523-0.0007808402i,0.000367722-0.0002649915i,0.0008475847-0.0002186054i,7.359967e-05-0.0008553576i,-0.0001382985-0.001468803i,-0.0005697898-0.0006021937i,0+0i,-0.0005027701-0.0006294i,-0.001537513-0.0009586588i,-0.001272351-3.268615e-05i,6.061505e-06-0.000183941i,0.001193562-0.0005266992i,0.0001429895-0.00012754i,-0.0007644687-0.0004798804i,-0.001555186+0.0001000096i,0.001038655+0.0003106906i,0.0007633888-0.0004085307i,0.0001554607-0.001968653i,-0.0006953328-0.001128742i,0.0001895722+0.001185466i,-0.0004997699-0.0002931872i,-0.0007154794-0.0001737939i,-0.0006884694+0.0008548401i,0+0i,4.547013e-05-0.0003951153i
-0.0001611234+0.002499057i,-0.0008803811+0.0007348353i,-0.0004471179-0.0006350342i,0.0007231198-0.0001850977i,0.0005107918+0.00189227i,-0.0005892423+0.001035831i,0.0002630834-0.00022856i,0.001513652+0.0005969599i,0.000134277+0.0007354788i,0.000146547+0.000704192i,0.0007959278-0.0001683286i,0.00048917+0.0004307174i,0.0004597132+0.001096307i,2.75008e-05-0.0009093881i,-0.0004150864+0.0007507639i,0.0002460858+0.0002433207i,-0.0007713833+0.000818841i,-0.0002921732-0.0002190157i,0.0003175433-0.001343848i,0.001078125-0.0006783219i,0.002009849+0.001248967i,0.0003349804+0.001059836i,-0.001295784+0.0009623487i,-0.001068815+0.0008401403i,-0.0004896362+0.0001871617i,-0.001016603-0.0002260637i,-0.0007417381-0.0001113849i,0.0002483726-0.0001554055i,0.000958578+0.0001635084i,0.0004146704-0.00076215i,0.001340888-0.0006798203i,0.0003176514+0.0001447582i,-0.0005960068+0.0001021578i,0.0008167466+0.0007000877i,0.0009607658-0.0007276853i,-0.0001166946-0.002043221i,-0.00141782-0.0003682372i,-0.0002110681+0.0005363521i,0.000114856-0.000150062i,0.0003009236-0.0004214167i,-0.0005540471-0.0005939195i,-0.0001976299+0.0005595512i,0.0006080397+0.0008278513i,0.0008313379-0.0005026904i,0.0001733427-0.00062728i,-0.000725802+0.0007879952i,-0.0004710288-0.0004194933i,-0.0006700202-0.0002321557i,-0.0004454466+0.0007738516i,0.001756896+0.0005494615i,-0.0002453157+0.0002641338i
-0.001328219+0.0009837721i,-0.0003321838-0.0006009474i,0.0006236563-0.0003197163i,0.0005337457+0.001530077i,-0.0005273728+1.17368e-05i,-0.001115618-0.0006573903i,0.0003179575-0.0003176041i,6.620162e-05+0.0008052795i,-0.0008079836-0.0007343774i,0.0002727997-0.000871244i,-1.927074e-05+0.000495818i,-0.0003290551+8.688552e-05i,-0.0007935471-0.0003737456i,-0.0003761289+0.001265432i,-0.001293501+0.0002277804i,-0.0009839272-0.000979786i,-0.0009128354-0.0004576037i,0.0007003552-0.001255483i,0.0006649985+2.112846e-05i,0.001133562+9.283725e-05i,-0.001197135+0.0005197285i,-0.0008385424-0.0005973638i,-0.0004490739-0.001559516i,0.0004471201-0.0008139233i,0.0003265063-0.001342024i,0.0008891622+0.0004940113i,0.0003047065-0.000449346i,0.000248778+0.0002557655i,-0.0005144236-0.0007364286i,0.0005050595+0.0008458564i,-0.0001649893-1.873478e-07i,-0.001955605-0.0005732633i,-0.0007835024-0.0001157441i,0.0001703072+0.0003594693i,0.0008582492+0.0002794802i,0.0007861332-0.0008898642i,0.0002490997+0.0006165813i,-0.0004604356-0.001728155i,-0.001322338+0.0006789475i,0.0004932088-0.0002138437i,0.002024997+0.0008274596i,-0.0001224993-0.0003502605i,-0.0004256384+0.0005489383i,2.761098e-06+0.001654306i,-0.0003004949-0.0001049047i,0+0i,0.0002967747+1.311497e-05i,1.80643e-05-0.001001184i,0.0001426278+5.122327e-05i,0.0004375242+0.0001685806i,0.0003164072-0.0001431496i
-0.0005281446+0.0006839741i,0.0005664199-0.0004388079i,0.0006655004+0.001080732i,-0.0001103668+0.001639905i,-0.0004528333+0.0002398684i,0.0003345922-0.0005894031i,-2.414614e-05+0.001102917i,-0.0004898355+0.00029727i,0.0003271193-0.0001137714i,2.012336e-05+0.001408415i,-0.001475162+0.0002313806i,0.0003643661-0.0009413725i,0.0008853396-0.0005687834i,-0.001270156+0.0003877591i,-0.001846456-0.0002159011i,-5.541266e-05-0.001941778i,0.0009957624-0.0002039466i,0.0002095271+0.0003767336i,0.0001224897+0.00139827i,-0.001122741-0.0004392664i,-4.454431e-05-0.0004526337i,0.0009958205-0.0001004388i,0.002043248+0.0003347271i,0.001960352-0.0001181309i,0.001768811+0.001420561i,0.0008215022+0.0002882549i,0.0006008027+0.0002962247i,0.0006674794+0.0005105159i,-0.0008546031+0.001317095i,0.0004980921+0.0003038083i,0.0003089564+0.0006796323i,0.0001163371-0.0004721913i,-0.0001845172+0.0001197866i,-0.000367702-0.0005091132i,-0.0002536439+0.0007076582i,-0.0001959443+0.001150355i,0.0009320682+0.001275412i,0.001068038+0.0003276434i,-0.0003829573-0.0001533437i,-0.0009585016+4.59721e-05i,0.0008380236+0.001522543i,3.265409e-05-0.0001482789i,-0.0005337612+0.0008220862i,-0.000538818+0.0003578611i,-0.000311038+0.000124068i,-0.0005406932-0.0006561186i,-0.0001909828+0.0006078148i,0.0004862153-0.001108885i,-0.0005360156-2.969221e-05i,-0.001134747+0.000314037i,0.0001360611+0.0001010522i
0.0002759267+0.0007967454i,0.001357452-0.0006284009i,0.0004654847+0.001027535i,-0.001209652+2.70533e-05i,-0.0006020866-0.0009841623i,0.001063357+0.0004420535i,0.0004768412+0.00141733i,-0.0002281335-0.000797222i,0.001066803+0.0007031541i,-0.00152187+0.0005892722i,-0.001353332-0.001232713i,0.000640547-0.0007771541i,0.0003877234+0.0001236868i,4.943487e-05-0.001683938i,0.0007002277-0.001629191i,0.00128562-0.0005342989i,0.0008999224+0.0002815319i,-0.0006611022-0.0002474015i,-0.000465506-0.001217637i,0.000354281-0.001235156i,0.001139057+0.0002442972i,0.001428686+0.001186283i,-0.0003311449+0.00160478i,0.0001957211+0.001072871i,-0.0009725468+0.0009733958i,-0.001441425+0.0003842139i,-0.0008642898+0.0009561348i,-0.0002696777+0.0003388254i,-0.0002374533+0.0002253432i,0+0i,-0.000567982+0.0006221929i,0.0008422789+0.0003974599i,0.002044004+0.0005906044i,0.0008474097+0.0002410544i,0.0003346729-0.0003994307i,-0.0002063384-0.00109091i,-0.001672071+0.0005086182i,-5.932063e-05+0.0005741493i,0.0006431942+0.000680609i,-0.001357707-0.0009320207i,-0.0008275213+0.001750174i,0.0004886742+0.0002065738i,0.0004272393-0.002071874i,-0.0002906188+0.0005774953i,0.0002939902+0.0006988022i,-0.0007369226-0.0006077666i,-0.0001721299+0.0007011867i,0.001892092-0.0002948823i,-2.729891e-06-0.001134061i,-0.0004740307-6.205933e-05i,-0.0002051127+0.0005004619i
-0.001357748+0.0003834107i,0.0008321914-0.0002225906i,0.0001074898+0.001476078i,-0.0009970511-0.0005355576i,0.0005978546-0.0004224811i,0.0004684311+0.001132595i,-0.001046947+0.001054339i,-0.00104316+0.0005992619i,-0.0001985658+0.001356699i,-0.001412169-0.0002804138i,0.0003448301-0.001448514i,0.00131402+0.0003720968i,-1.046366e-05+0.002187278i,0.0001713784-0.0006803459i,0.0009105942+2.593141e-05i,-0.0005921656+0.0007779414i,0.0006209766-3.809071e-05i,-0.0002182179-0.0008024625i,0.002020518-0.001115432i,0.001341997+0.001167153i,0.0001227873+0.001470043i,-0.001540345+0.0002791721i,-0.001124357-0.0010827i,-0.0003801234-0.001594174i,-3.400339e-05-0.001531402i,-0.0004502776-0.001329829i,-7.693146e-05-0.0006537035i,0.001513382+9.642895e-05i,0.0004703766-0.0004353629i,0.0001868102-0.001781595i,-0.0008556888-0.001565056i,-1.952676e-05-0.0003919635i,0.0002293173-0.0004194773i,-0.0002560204+0.001005407i,0.001130105+0.001320142i,0.001538921-0.001635113i,-0.0002144217-0.001928543i,-0.001211145-0.0006702041i,0.0003358863+0.0001870523i,0.0007953392-0.0008561006i,-0.0007405579+0.0001557502i,-0.0001589783+0.001170759i,0.0001165904-0.0003190796i,-0.0004801753+9.823043e-05i,0.0007374503+0.001283254i,0.0003043618-0.001221707i,-0.0007104885-0.0005054433i,0.0001745795+0.0007557005i,0.0003520966-0.0003227796i,-0.00060998-0.0005238396i,-0.0004508891+0.001083542i
-0.0004615585-0.0002554053i,0.001355321-0.0003917766i,0.0001172976+0.0005725989i,-0.0003241554-0.0005359597i,0.001124042+0.001550657i,-0.0006510766+0.001029959i,-0.0005948094+0.0001322086i,-1.241145e-05+0.0003708774i,-0.001377519+0.0003863014i,-0.0005156672-0.0029223i,0.002592669+3.905101e-05i,-0.0003394889+0.001523342i,-0.0001325985-0.0003497702i,0.002282949+0.0002469649i,0.001018677+0.002231685i,0.0001305219+0.0008795514i,0.000713659-0.0001441899i,0.002390158+0.00169612i,0.0003302943+0.001501532i,-0.00182772+0.00124863i,-0.0001319213-0.001467802i,-0.000117997-0.002075807i,0.001306492-6.252263e-05i,0.001419108-0.0005022927i,0.002347384-0.0009051947i,0.001962039+0.0003688868i,0.001732251+0.0002503534i,0.0005599748+0.001968667i,0.00139423+0.0003934668i,0.0006346616-0.0003203944i,0.001176724-0.0001464945i,0.0009828156-0.0008332006i,0.001228171-0.001919155i,-0.001549867-0.0002081379i,-0.0006840404+3.915349e-05i,0.0004581603+0.001715085i,0.001359768-9.626112e-05i,-0.0009844549-0.001074092i,-0.0003705918+2.40701e-05i,0.0005997543-0.0004416174i,-0.0003480378-0.001518068i,-0.000401392-0.0001491497i,0.0002914476-0.0003751967i,-0.001096377-0.0002885809i,-0.00141437+0.001377221i,0.0004278684-0.000199071i,-0.0001693658-0.001098653i,-0.0005158761+0.002373246i,0.001503771+0.0004367088i,0.0003660491-0.0006032239i,-0.0003128125-6.937687e-05i
0.0004691384-0.001402538i,0.001046498+0.001225728i,-0.001516367+0.0002192922i,7.630043e-05-0.0005838099i,0.001081123+0.001693175i,-0.001328391+0.001284819i,-0.0008856446-0.00191075i,-0.0002291809+0.0004277214i,-0.001530384+0.0001818943i,0.0002325467-0.0002748432i,0.002436643+0.001658682i,-0.001150629+0.0004322628i,0.0001300349-0.0015718i,0.001307521+0.001648545i,-0.002484342+0.0019168i,-0.0005325626-0.001725711i,0.001910663+0.001093555i,8.063051e-05+0.00451175i,-0.00254311+0.0002109684i,-0.0006297482-0.001385182i,0.002254762-0.001113403i,0.001976082-9.55084e-05i,-0.0002921399+0.002694388i,-0.0002129172+0.002345091i,0.0008890538+0.001121698i,-0.0001196252+0.0006854229i,-4.823713e-06+0.0009112317i,-0.0005984672+0.002059506i,0.0002509103+0.0005725544i,0.0007030261-0.0001845267i,6.487564e-05-0.0004855904i,-0.0001030248+0.0007578976i,0.003363389+0.001643924i,0.002604369-0.001575027i,-0.0001126077-0.0002254008i,-0.001331433+0.001505007i,0.001430236+0.0004798013i,-0.0001977304-0.001507088i,0.0006928527-0.0003720205i,0.002019427+0.0002161548i,0.0004993396-0.001758973i,-0.000355704+0.0007822351i,0.001405104+0.0004751745i,-0.000474021-0.00131002i,-0.00125974-6.750311e-05i,-1.383359e-05+0.0009115321i,0.0001314306-0.0006891013i,-0.0009865961+0.0006572496i,0.0002273419+0.001157076i,0.0001655075+0.0002632632i,-0.001558676+0.00161777i
0.0006202115-0.000673767i,0.0002672715+0.001887299i,-0.001314546-0.0004765675i,0.00118454-0.0009852403i,-0.0008705634+0.001297602i,-0.001169602-0.0007451529i,0.001933124-0.0007860664i,-0.0004563875+0.0009539117i,-0.001093785-0.0008461448i,0.00118111-0.0006600826i,-8.880995e-05+0.002500808i,-0.002093855-0.001688163i,0.002143022+0.0005752675i,-0.00034315+0.002168322i,-0.003334929-0.00140306i,0.0007967081-0.001680319i,0.0007849087+0.002615012i,-0.004122128+0.001368553i,-0.001675982-0.002574395i,0.003627236-0.0009497023i,0.002109906+0.002617359i,-0.001459795+0.001935795i,-0.002684019-0.0006820425i,-0.001046386-0.001532419i,0.001374497-0.001372777i,0.00194878-0.0007754313i,0.0003359372-0.0001178181i,-0.001216979-0.0004671967i,0.001381819-6.125891e-05i,0.001848603-8.764511e-05i,0.0007873265-0.001989656i,-0.001047078-1.058718e-05i,4.035726e-05+0.003794111i,0.002922143+0.0007343891i,0.0006124879-0.001479047i,-0.001651852-0.00114835i,0.001024054+0.001284707i,0.001170534-0.0008560198i,-0.0008503578+0.0002461442i,0.002420692+0.001990894i,0.002209955-0.0006367262i,-0.0003776875-0.001470254i,1.403462e-05+0.00153723i,0.001258555-0.001315562i,-0.0008778435-0.0008491053i,-0.0008144747+0.001694157i,0.000801392+3.985374e-05i,-0.0003486302+0.0007774882i,-4.402471e-05+0.0009990287i,9.427654e-05+0.0005908782i,0.0001538823+0.0004497309i
0.001716893+0.0005550304i,0.0003276346+0.001021967i,-0.0008130188-0.001394016i,0.0009949245+0.0009299035i,-0.0002803094-0.0002525437i,-0.0001841473-0.000975904i,0.002461344-4.011911e-05i,-0.0005122178+0.001800376i,-0.001337011+0.0004843827i,0.001006949+0.0004244443i,-0.001963322+0.0005565163i,-0.0006968831-0.001073777i,0.002366573+9.296509e-05i,-0.001319004+0.000958894i,-0.0008079976-0.002617205i,0.002780759+0.0001803637i,-0.001586949+0.002851341i,-0.00342436-0.001878668i,0.002470105-0.002295031i,0.003887665+0.002319223i,-0.002561516+0.004805523i,-0.004463513-0.0003889421i,-0.001078838-0.005662103i,0.003780177-0.00428774i,0.004792108-0.0004303099i,0.004057376+0.001791768i,0.001253213-0.0003734984i,2.212798e-05+0.00034284i,0.0003791418+0.001920676i,0.003080617+0.002631912i,0.004880327-0.0004313983i,0.0001437778-0.003118771i,-0.002906196+0.0009506937i,0.00040861+0.00197919i,0.001196172-0.0003057914i,-0.001178859-0.0003376158i,0.0007977652+0.001792513i,0.0009614061+0.0004405451i,-0.001097078-0.0004236324i,-0.0005142514+0.002555036i,0.003067537+0.0004699262i,-0.0001808136+8.920582e-05i,0.0001850651+0.001176839i,0.001658025-0.0002529051i,-0.0002649882-0.001369123i,-0.0005996033+0.001494463i,0.0002819219+0.0008074686i,-0.0005848479+8.703554e-05i,-0.0002360657+0.0009319225i,0.000707165+0.0002467498i,-0.000261856+0.0006817167i
0.000897143-0.0004570859i,-0.001076121+0.0009613927i,-0.0001866971-0.001349985i,0.001155796+0.0002893783i,-0.000527086-0.0009433935i,0.0002348058-0.001432886i,-0.0008822097+0.001824534i,-0.002397972+0.0007344417i,-0.0005784254-0.001916823i,0.0005790492+0.0007805609i,-0.002496107-0.0003207292i,0.00171175-0.001574205i,0.001645689+0.001336266i,-0.0009186025+0.0003058336i,0.001060305-0.002366257i,0.002201145+0.003015038i,-0.002714204+0.001035903i,-0.0001958966-0.00338685i,0.002947635+0.0004177108i,-0.002018602+0.004731255i,-0.005951199-0.0007805472i,0.0001395955-0.005213408i,0.005162113-0.002280971i,0.00663789+0.001773878i,0.005493707+0.004897108i,0.001280792+0.003191862i,-0.000593769+0.002768556i,-0.001797779-0.0001741608i,-0.004119773+0.001314283i,-0.0001080879+0.005484562i,0.003146613+0.003764469i,0.002519791-0.002254503i,-0.00215426-0.000641896i,-0.0007119777+0.001941839i,0.0007177425-0.0008678974i,-0.0004823987-0.0009290167i,-0.001343272+0.0008851785i,0.002145142-0.00040794i,-0.0007323679-0.001791997i,-0.001863491+0.002095453i,0.001025717+0.001854751i,0.0009658783-0.0008459757i,0+0i,0.001342469+0.0006750636i,-0.000100933-0.001470636i,-0.0006091949+0.0004805819i,-0.0007499829+0.001526027i,-0.0006198211-0.0003800158i,0.0002116394+0.000787803i,0.0002677984+0.0004454815i,-0.000134719-0.0008373712i
0.0008291911-0.0002812363i,-0.0003955153+0.0005936114i,0.0004251074-0.0007908578i,0.0002257996+0.0008315914i,-0.0005875384+0.0003128351i,0.001307118-0.0004521848i,0.0007619993+0.00248893i,-0.002094239-0.001161498i,0.001330755-0.0008360525i,0.000247923+0.0009844605i,-0.001758488-0.001406108i,0.003615155-0.001582522i,0.001057721+0.003425766i,-0.001775269-0.001015339i,0.002431957+7.344572e-05i,0.000430839+0.003054991i,-0.001717296-0.0007440189i,0.002664788-0.002227974i,0.002121931+0.002645852i,-0.00370876+0.00348578i,-0.001999934-0.005904005i,0.005831121-0.001769676i,0.003616574+0.005674226i,-0.00055203+0.006096171i,-0.001683349+0.005248083i,-0.003157845+0.0008898349i,-0.002498555-0.001232977i,-0.001691187-0.001066142i,-0.002832272-0.00121173i,-0.002340567+0.00223191i,-0.00113905+0.002527972i,0.0006735842+0.0009886678i,-0.001178056-0.0008195075i,-0.0001103379+0.001824393i,0.0019998-0.0003710383i,0.0002563664-0.002156145i,-0.002593867-0.000435946i,-0.0001003175+0.0005553063i,0.001191817-0.001035118i,-0.00163977-0.0001553825i,-0.000533803+0.0009667411i,0.0006951618+0.001056364i,-0.0003284243-6.851184e-05i,0.0003546019+0.0007570775i,0.001172922-0.001836615i,-0.00039099-0.0006930908i,-0.0005123364+0.001255354i,5.957949e-05+0.0001439293i,0.0001624178-0.0005318674i,0.0009414097-0.0003657403i,-0.0001594413-0.0007122087i
0.000339121+0.0001458597i,-6.949759e-05+0.0007653758i,0.0003832968+8.21587e-05i,0.001187214+0.001767014i,0.0001097253-0.001066539i,0.001890834-0.0006364537i,0.0004965521+0.0008109724i,-0.001229732-0.001957462i,0.00242302-0.001268882i,-0.0006277129+0.0008439102i,-0.001197228-0.002342396i,0.004252048+0.001353958i,-0.001524796+0.002921423i,-0.001306087-0.001310788i,0.00281781+0.001481124i,-0.003169283+0.004046476i,-0.0009341496-0.002026126i,0.005533107-0.0001454925i,-0.001575385+0.005371792i,-0.003940166-0.004311485i,0.005900912-0.00776447i,0.007772577+0.00596033i,-0.004849172+0.01102845i,-0.01103368+0.002573259i,-0.009359936-0.002113584i,-0.008972134-0.004490892i,-0.005564579-0.004039215i,-0.001878184+0.0002718446i,-0.001800767+0.00144958i,-0.0004012049+0.001016246i,0.001133686-0.0006675273i,0.001474929-0.0007894938i,-0.0008798021-0.001349599i,-0.001280919+2.487223e-05i,0.001112744+0.001279798i,0.002965573-0.00130213i,-0.001209677-0.00284328i,-0.0008409832+0.001273355i,0.0002698581-0.0007508257i,-0.0005105257-0.0003957361i,-0.001651007+0.0001400922i,0.0004939483+0.002190476i,0.0002687136+0.0008302195i,0.001083428+0.001323575i,0.0009701818-0.0009281425i,-0.001911351-0.001001695i,-0.0008032456-2.678221e-05i,0.0003075874-0.0009206781i,6.65445e-05+0.000353045i,0.0002245391-0.0002739056i,-0.0006018583+0.0007102406i
0.001130702+0.0009156346i,-5.327092e-05+0.001501281i,0.0004226072+0.0004775059i,-0.0007898098+0.001133123i,-0.001542919-0.0007729654i,0.0006028808-0.001020384i,-0.0008255456+0.001000076i,0.0003070029-0.002206223i,0.002858273+0.001264762i,-0.001518102+0.001925728i,-0.0003272005-0.002365483i,0.003450748+0.001814274i,-0.002966323+0.001638581i,-0.0006786516-0.004319694i,0.003990553+0.002600079i,-0.003888712+0.003192709i,-0.001095712-0.005102622i,0.006514884+0.001745087i,-0.006121598+0.005325209i,-0.004736057-0.006371663i,0.009653822-0.005154907i,0.008697491+0.0102434i,-0.01116996+0.01447992i,-0.01405557-0.002391621i,-0.01322556-0.008088232i,-0.008620146-0.0116048i,-0.008916389-0.008549411i,-0.006076621-0.003118939i,-0.003439968+0.001469954i,-0.00170987+0.000806474i,0.0003855147+0.001566174i,0.002936507+0.002180795i,0.002378808-0.001991233i,-0.0007143577-0.002703244i,-0.0002843889+0.003093935i,0.003429343+0.000530636i,0.002252936-0.002151243i,-0.001041223-0.0003835628i,0.002184086-0.0006633999i,0.0004194813-0.001677684i,-0.001917953+0.0008162549i,-0.0002745373+0.001253i,-0.0002624625+0.0003708002i,3.10614e-05+0.001134068i,0.00141075-0.0003731898i,-0.0006781096+0.0002662449i,-0.0004732073-0.0004335189i,0.0002189323+0.001035915i,0.0009435423+0.0003310184i,0.0009483176+0.0009819343i,0.0004205691-0.0008500591i
0.001689031+0.002198981i,-0.001840656+0.001069513i,0.001067407-0.0008202626i,-0.0006205203+0.002139877i,-0.002091538-0.0008377952i,0.002023562-0.001572773i,-2.650073e-05+0.002089131i,-0.0007133964-0.0006137121i,0.00262677+0.001517236i,-0.002231013+0.002773526i,-0.001020288-0.001941947i,0.002566361+0.0002712793i,-0.003338076-0.0001495394i,0.0007498174-0.00573325i,0.004383246+0.002166132i,-0.005910623+0.0009839337i,-0.002046532-0.007269726i,0.007105045+0.003238985i,-0.007044293+0.006789473i,-0.00702516-0.006086708i,0.009984818-0.007268871i,0.009179254+0.01263522i,-0.01096151+0.01274808i,-0.01595604-0.00306256i,-0.01370508-0.01040132i,-0.007914508-0.0115942i,-0.004273586-0.009276484i,-0.004038351-0.00575922i,-0.004069456-0.003622441i,-0.002195798-0.000723271i,-0.002543902+0.003598267i,0.003383629+0.006534137i,0.004431411-0.00139031i,-0.0004132502-0.002756579i,-0.001903483+0.003222028i,0.002813596+0.001143411i,0.001516498-0.001995055i,-0.0002536754+0.0005364306i,0.00157612+0.000207976i,0.0004708978-0.002607221i,-0.001062234+0.0003973639i,-0.0007160206+0.0001593662i,-0.0002185363-0.001042098i,-0.0005279158+0.001097471i,0.000616044-0.0007541165i,-0.000690855-0.0008685276i,-9.894722e-05+0.0003145902i,-0.0003991426+0.00091737i,-0.0001811084+0.0007555498i,0.0006704347+0.0004746045i,0.0006834608-0.0008348987i
-0.0002430045+0.002260289i,-0.0025268-0.001272522i,0.001783528-0.002190228i,0.002012593+0.002849387i,-0.001508324-0.000765982i,0.002133615-0.0006061958i,0.0005490677+0.002028536i,-0.001449371-0.0008638395i,0.001245096+3.861686e-05i,-0.002884378+0.003721338i,-0.002739961-0.001819324i,0.003417794+9.312227e-05i,-0.002983443+0.001956196i,-0.000326921-0.004360917i,0.005080104+0.0007391711i,-0.004462133+0.001650035i,-0.001448383-0.00764206i,0.00769277+0.0002361009i,-0.005057879+0.007937978i,-0.008609164-0.005191676i,0.006423741-0.008990032i,0.01179562+0.008366097i,-0.004996154+0.01350053i,-0.0123773+0.001846971i,-0.01319996-0.004569575i,-0.007553411-0.007933428i,-0.00357388-0.006849095i,-0.002814108-0.006206235i,-0.002997694-0.003250361i,-0.001403019+0.000782509i,-0.000909845+0.002355264i,0.001792294+0.003818098i,0.003034585-0.00105823i,-0.002360508-6.326014e-06i,0.0003926214+0.003528122i,0.002660743+0.0009961531i,0.0006447429-0.002612758i,0.0001462519+0.001164424i,0.002416799-0.0004482444i,0.0003861329-0.001515895i,0.0001599023+5.306734e-05i,0.0003506739-9.170744e-05i,0.000271668+0.000981019i,-8.896206e-05+0.0009426482i,0.001780859+0.0010881i,0.0001597537-0.000976139i,-0.0001054703-0.0008105757i,-0.0003457642-9.155116e-05i,-0.0002587374-0.0006441548i,7.498895e-05-0.0006994001i,9.868784e-05+0.0001188297i
0.001088203+0.001379823i,-0.002501452-0.001487415i,0.003163516-0.001836815i,0.0009212029+0.002344868i,-0.002313658-0.000202354i,0.001688318-0.0004893513i,-0.001173146+0.002894129i,-0.002745153-0.001194139i,0.002512068+0.0001716533i,-0.00255877+0.003105947i,-0.002910572-0.003127413i,0.00302176+0.0004656265i,-0.001900168+0.003213897i,-0.0008523569-0.002138064i,0.004886351+0.0004481621i,-0.001041234+0.003486333i,-0.002708043-0.004881783i,0.004982151-0.00218512i,-0.001992266+0.004901337i,-0.005869263-0.002318355i,0.003996871-0.00601217i,0.008438068+0.006195967i,-0.002719811+0.01042598i,-0.01009569+0.004746104i,-0.01253458-0.001617048i,-0.009537996-0.004430526i,-0.005008283-0.002771814i,-0.003642847-0.003505929i,-0.005453038-3.572002e-05i,-0.001656736+0.005242352i,0.003255832+0.004537053i,0.00389504-0.001716233i,-0.0003242781-0.003505225i,-0.003703982+0.0007791564i,0.0007566753+0.003020887i,0.002380611-0.001908588i,-0.0006642087-0.000408481i,0.0007360929+0.001120486i,0.00160814-0.00215707i,-0.001381359-0.0006457834i,0.0001430699+0.001394765i,0.0009898224-0.0006620404i,-0.0003214712-5.247466e-05i,-0.0002514918+0.0004314198i,0.0005550763-0.001132023i,0.0003791631+0.0006535171i,-0.0005265995-0.0006558749i,-0.001166894+2.767109e-05i,-0.0007856534+0.001685095i,0.0004146607-0.0005438685i,-0.0009344396-0.001330626i
0.000515554+0.001867191i,-0.001571466-0.0001180079i,0.002152783-0.001627117i,0.001164168+0.002579329i,-0.002530211+0.0003595152i,0.001401485-0.001140894i,-0.0009592861+0.001880136i,-0.003031498-0.001499696i,0.002279367-0.0008748432i,-0.001026716+0.00254238i,-0.002065798-0.002664565i,0.003236101-0.001072364i,-0.001136439+0.004589444i,-0.003106151-0.00166754i,0.004712271-0.000198532i,0.0003542033+0.004552711i,-0.004357611-0.001636452i,0.001624016-0.004434395i,-0.0004209026+0.003376845i,-0.004246924+0.0005680392i,0.001554872-0.002738626i,0.005665496+0.004127407i,-0.001748477+0.007256263i,-0.00762558+0.002644343i,-0.0103535-0.0009397488i,-0.004074691-0.00599887i,-0.0009970476-0.004689577i,-0.003447249-0.004949275i,-0.006575305-0.0008824212i,-0.00317335+0.005811413i,0.00314667+0.005828763i,0.00497004-0.0005089464i,-0.002664444-0.004306181i,-0.003966562+0.003210767i,0.002646947+0.00300919i,0.0008086466-0.003653467i,-0.003256439+0.0005402782i,0.002430324+0.001158405i,0.001191028-0.004138315i,-0.001930098-9.167758e-05i,0.002375402+0.001941451i,0.0001973798-0.001167879i,-0.001686679+0.0008407203i,0.001772283+0.0002613343i,-0.0005999922-0.002596435i,-0.002165941+0.001985188i,0.0002416819+0.0002496176i,-0.0009036861-0.001177901i,-0.0006210772+0.001607864i,0.0007624021-0.001291286i,-0.001095656-1.89785e-05i
0.0007691419+0.0009689133i,-0.001556166-0.0001217637i,0.001475863-0.0001639679i,0.0004440351+0.003128904i,-0.002540803+0.0001668761i,-0.0005699319-0.001662435i,-0.0008023299+0.0001209988i,-0.00222126-0.002252274i,0.001888489-0.001837375i,-0.0002258325+0.0008890113i,-0.001345877-0.002353815i,0.001826441-0.0001300712i,-0.001660832+0.002370637i,-0.002930231-0.001051678i,0.0009239455-0.0002332849i,-0.001356192+0.002481403i,-0.00210026-0.0026933i,0.001992495-0.0005444617i,-0.000669805+0.003195256i,-0.0041327-5.047875e-05i,0.001407643-0.00372722i,0.005691357+0.001571883i,0.0006448941+0.005963856i,-0.003159337+0.003850378i,-0.004167676+0.0008508787i,0.0001802271-0.001645859i,0.003366754-0.003289645i,0.002370609-0.005718477i,-0.004550466-0.006586699i,-0.007354196+0.003223842i,0.001067527+0.004906235i,0.004705142-0.0007449964i,-0.003256958-0.003068823i,-0.001693191+0.003591354i,0.004511586+0.001113359i,-0.001930037-0.005032775i,-0.004171413+0.00231186i,0.004470121+0.0006416072i,-0.002156367-0.005720034i,-0.003001277+0.003187031i,0.004115926+0.002823655i,0.001550589-0.003035633i,-0.001798078+0.001729441i,0.003745956-0.0003253367i,-0.0005525303-0.003598143i,-0.003213876+0.002877638i,0.001126645+0.0008206874i,-8.923144e-06-0.0009542975i,0.0005938893+0.001851828i,0.002518483-0.002569748i,-0.001713356-0.000700511i
0.0006581865+0.0003031531i,0.001401247+0.0008624052i,-0.000144542+0.0005119045i,-0.0007294827+0.0016265i,-0.002072108+0.0001097669i,-0.001160627-0.00178397i,6.649274e-06-0.001898553i,-0.0003782218-0.001407766i,0.001270498-0.001944162i,0.0004221978-5.04877e-05i,-8.399528e-05+0.0008073002i,1.344764e-05+0.0003595853i,-0.00100784-0.00122305i,0.0003726932+0.0005607559i,-0.001519475+0.0001966259i,-0.002014205+0.0008271452i,0.000194982-0.002483136i,0.004220973+0.0001302918i,-0.001673916+0.004203567i,-0.004556259-0.002565166i,0.001237745-0.004492442i,0.007379221+0.0006182196i,0.00182521+0.004393075i,-0.00116324+0.003332098i,0.001338745+0.001412135i,0.0053923-0.0003820603i,0.007723244-0.00274308i,0.006320456-0.008886935i,-0.005019365-0.01050295i,-0.01028301+0.003543705i,0.001044859+0.009488747i,0.007705947-0.00138481i,-0.00207453-0.007380532i,-0.003209404+0.004158579i,0.004198449+0.0004861848i,-0.0007211662-0.005875708i,-0.005225028+0.002178314i,0.004567194+0.001666087i,-0.001437981-0.005707976i,-0.004432305+0.001924111i,0.004568343+0.002104445i,0.001528833-0.003844377i,-0.001580975+0.001845354i,0.00372054-0.0004706362i,-0.002147121-0.00415741i,-0.002325592+0.003103644i,0.002672158+0.0005210915i,-0.0007558404-0.001709451i,-0.0002321727+0.002101927i,0.001664543-0.001558312i,-0.002306457-0.001302958i
0.0003104847-0.001139975i,-0.0002032088+0.001401919i,-0.002466486+0.001260373i,-0.0008740203-0.0006511972i,-0.0009641114-0.001356705i,-0.001233244-0.001591777i,-0.0002472365-0.003239455i,0.001487011-0.0006413452i,0.0006176488-9.489987e-05i,0.00190484-0.0003456094i,0.001695434+0.002396947i,-0.002056039+0.0007560797i,-0.0002599586-0.001071513i,0.000706966+0.0006498825i,-0.001534763+0.001163667i,-0.00259627-0.0004038356i,0.0001025231-0.001098023i,0.001494048-3.65862e-05i,-0.0002787537-0.0002428557i,-1.779466e-05-0.0003255636i,0.0003752417+0.0007380333i,-0.001031978+0.0005667559i,-0.002136435-0.00189311i,0.001369533-0.00307596i,0.005617124-0.004207939i,0.01114221-0.004041447i,0.01188383-0.01051018i,0.003048858-0.0156655i,-0.01212905-0.009500041i,-0.01287719+0.009515327i,0.00267855+0.01277228i,0.009983532-0.003648304i,-0.004566483-0.009126605i,-0.00554376+0.004902576i,0.005589449+0.002598401i,-0.0005459408-0.005886717i,-0.006588905+0.003068642i,0.004190923+0.001468814i,-0.001390078-0.003679227i,-0.002679229+0.003671168i,0.004996618+0.0003215262i,0.000662275-0.003859994i,-0.001460991+0.00142784i,0.001729986-0.0007538066i,-0.003899905-0.001369126i,-0.0006941458+0.003930073i,0.002714994-0.0008769162i,-0.001243888-8.408404e-05i,0.0002097157+0.002483287i,0.001261547-0.001913109i,-0.004262998-0.0003975781i
0.0001687234-3.812564e-05i,0.0002349167+0.00146047i,-0.001528897+0.001699438i,-0.0016682-0.001396442i,-0.0001894213-0.00136018i,-0.001309418-0.0003038136i,0.0003566961-0.003043141i,0.003132859-0.0008535243i,-0.0003945704+0.000854636i,0.0007987327-0.00100645i,0.0025756+0.001390135i,-0.00174597+0.002038909i,-0.0007633374-0.002670564i,0.001350735-0.0003601667i,-0.001749876+0.0002633149i,-0.001549488-0.0003043102i,0.000254792+0.002632516i,-0.003200199-0.00042821i,0.001059465-0.006151793i,0.006396831+0.00116621i,-0.001333397+0.009498592i,-0.009754458+0.002749621i,-0.005923375-0.008158498i,0.003138663-0.01221247i,0.01117272-0.01146846i,0.01659887-0.009071249i,0.01469686-0.01545887i,0.003849004-0.02094332i,-0.01369083-0.01048186i,-0.01444527+0.0109344i,0.00402521+0.01549779i,0.0108144-0.004937548i,-0.008906542-0.008262761i,-0.005854782+0.006986027i,0.006032495+0.003410499i,-0.0004793939-0.005708241i,-0.005587094+0.003760338i,0.003997681+0.00444339i,-0.0005553397-0.003096581i,-0.002515541+0.003008526i,0.003663855+0.0003799133i,-0.001009309-0.003866996i,-0.002218671+0.003072183i,0.001190815-0.0008710867i,-0.003984529-0.00192829i,0.0003226688+0.004485158i,0.002622308-0.0007896796i,-0.002102426-0.0008499591i,0.0007857546+0.00193424i,0.001210289-0.001891767i,-0.002485114+0.002300136i
-0.0001944925-0.001546295i,0.001427684+3.199713e-05i,-0.002085584+0.001246797i,-0.002392191-0.002211084i,0.0009943567-0.001956378i,0.0004031696+0.0006033585i,0.0003298592-0.001471813i,0.00335466-0.0001386502i,0.0008655129+0.00159921i,0.0008696588-0.0004305383i,0.001871468+0.001361596i,-0.001145428+0.002257978i,-0.0007137447-0.0006485518i,0.0001549854+0.001045214i,-0.00329406-0.001174626i,0.001714877-0.001865098i,0.0008483877+0.004824348i,-0.007483258+0.002843625i,-0.003076247-0.009006064i,0.008056718-0.001437142i,8.163586e-05+0.0137296i,-0.01244603+0.004746608i,-0.007324476-0.01179546i,0.005217589-0.01639918i,0.01373116-0.01297743i,0.0194311-0.008512015i,0.01430767-0.01581493i,0.001649657-0.02033226i,-0.01303875-0.006555194i,-0.01006531+0.0118824i,0.008384132+0.008832837i,0.005913017-0.006058227i,-0.008954752-0.003169591i,-0.003260321+0.007552737i,0.006672997-0.001161361i,-0.003750905-0.003901843i,-0.003371848+0.005721797i,0.006260097+0.001367452i,-0.001619663-0.002640259i,-0.001347031+0.003841007i,0.003881496-0.0003652637i,-0.0007729729-0.003399726i,-0.001213187+0.001561898i,0.001369597-0.001426694i,-0.001837374+0.001902925i,0.001913267+0.002474027i,0.002803253-0.002365415i,-0.002313067-0.0006630193i,0.0007239099+0.001713765i,-0.0006507473-0.001042525i,-0.002086354+0.001940333i
-0.001314475-0.000805403i,0.001300353-0.000716634i,-0.0004504955+0.001473169i,-0.002096068-0.001417434i,0.001449797-0.003345006i,0.0002920066+0.000782984i,-0.0003265491-0.001767509i,0.002811812-0.0004784534i,0.001473036+0.001452902i,-7.292826e-05+0.0003316419i,0.0008808936+0.001437553i,-0.002239013+0.002387577i,-0.0004474039-0.003240449i,-3.271276e-05+0.000157865i,-0.004843411+0.0003377571i,-0.000194029-0.005881386i,0.004018804+0.002422973i,-0.0060764+0.006362466i,-0.00719008-0.007289031i,0.006132753-0.004365421i,0.004764177+0.01068952i,-0.01013484+0.00834856i,-0.008927887-0.007240085i,0.0007292103-0.01598514i,0.01017292-0.01396365i,0.01595041-0.01353716i,0.01094459-0.01578828i,-0.001136628-0.01783454i,-0.01328349-0.005239307i,-0.005985531+0.01052835i,0.008634385+0.005568006i,0.002775018-0.007343022i,-0.008413557+9.395303e-05i,0.001318985+0.006755374i,0.004395169-0.003110198i,-0.005407429-0.002828365i,-0.0004363073+0.006403564i,0.004180077-0.001138909i,-0.003306764-0.00319549i,-0.0006601276+0.004162516i,0.006502938-0.00205391i,-0.002281876-0.002382568i,0.001105073+0.001569878i,0.001320444-0.0004830715i,-0.001559513-0.00143729i,0.001829347+0.002124524i,0.001659378-0.003016654i,-0.002667304-0.0002422759i,0.001481249+0.0005631447i,-2.218604e-05-0.001270569i,-8.306934e-05+0.001366807i
-0.0003557888+0.0003197948i,0.0008795848-0.0002570479i,-0.0002668401+0.001121162i,-0.001950129-0.0009032589i,0.001797982-0.003030466i,0.00181923+0.001291994i,-6.659484e-05-0.001292844i,0.002635447-0.0008758341i,0.001322135+0.002556738i,-0.0002637196-0.0003245214i,0.003427841+0.002739924i,-0.002351073+0.002298474i,-0.002151552-0.003570602i,0.003123106+0.000545458i,-0.004587848+0.003376117i,-0.005267713-0.005578298i,0.003694925-0.001284481i,-0.001714969+0.007803969i,-0.007078875-0.003541543i,0.003364246-0.006446847i,0.008760306+0.005146352i,-0.004498038+0.00986251i,-0.01144023-0.003739048i,-0.00685811-0.01189046i,0.001754737-0.01599294i,0.00479952-0.01683396i,0.0006907272-0.01740161i,-0.009648167-0.01442888i,-0.0146404+0.001561164i,-0.001151839+0.01359555i,0.01032299+0.001461176i,-0.001955089-0.007228937i,-0.006231238+0.002489855i,0.002731739+0.005321355i,0.002136443-0.004302212i,-0.00485675-0.0008259974i,0.00254977+0.00525415i,0.003737523-0.003422103i,-0.004437992-0.0009258324i,0.002171151+0.00273756i,0.003034479-0.00379273i,-0.003178344-0.0008591355i,0.00105216+0.003895953i,0.001356481-0.002305432i,-0.002105132+0.0007516342i,0.00237828+0.001062355i,0.0005561173-0.001997709i,-0.002747478+0.0007099764i,0.001964133+0.0004857436i,-8.603428e-05-0.001104211i,-0.000333449+0.002099202i
-0.0006127686-1.965972e-05i,0.0003618801-0.0002693961i,0.001264892+0.001056536i,-0.0027457+0.0001530463i,0.0008920954-0.002813102i,0.00140783-0.0003567097i,-0.0003908332-6.067221e-05i,0.001921779-0.00127168i,0.0006382795+0.002201242i,-0.001257038-0.0009165605i,0.003783004-0.0001081436i,-0.001305999+0.005743678i,-0.003396607-0.0008640315i,0.003426468-0.001530282i,-0.0005045292+0.004684388i,-0.007737654-0.001503498i,0.0006849365-0.003680736i,0.00189916+0.004896574i,-0.006212248+0.002482349i,-0.0004284348-0.006511376i,0.008713628-0.0005310391i,0.002365377+0.01139023i,-0.009573714+0.005132437i,-0.01374612-0.004985715i,-0.00838463-0.01306451i,-0.006353545-0.01523639i,-0.008525495-0.01376664i,-0.01482702-0.006667564i,-0.01290422+0.009087631i,0.004311506+0.01322646i,0.009398851-0.0009256923i,-0.001931656-0.006460318i,-0.006694024+0.003835224i,0.003659986+0.004163854i,0.001216395-0.004751813i,-0.004232059+0.0005994602i,0.002143453+0.003113403i,0.001398053-0.004119566i,-0.004343348+0.00111117i,0.003128926+0.002021717i,0.000991731-0.003410406i,-0.003782164+0.001070295i,0.003548988+0.001568519i,0.0002991768-0.002894084i,-0.002945088+0.0006906954i,0.002720234+0.001537312i,-0.0006725817-0.003443185i,-0.001090194+0.001374671i,0.001816235+0.0003356365i,-0.0006197728-0.001167085i,-0.0006779575-6.648101e-05i
-0.0008034247+0.0004521307i,-0.0001994123-0.0008844878i,0.0009294713+0.0008067386i,-0.00286286+0.0005492888i,0.0007100447-0.002586164i,0.001572008+0.0004531572i,-0.001556423+2.22809e-05i,0.002844144-0.002507037i,0.003394055+0.001886009i,-0.001981311-0.0006121427i,0.003473995-0.00220437i,0.002018351+0.00436749i,-0.003075344+0.002302608i,0.00156354-0.002735672i,0.0028866+0.004604139i,-0.00518725+0.002646312i,-0.001131989-0.003433544i,0.005871431+0.003423051i,-0.00365407+0.004900959i,-0.002980507-0.00444427i,0.007055781-0.003378955i,0.006393068+0.008360867i,-0.005726881+0.009570448i,-0.01127866+0.00337717i,-0.01690315-0.00314644i,-0.01393975-0.008285067i,-0.01275223-0.002035113i,-0.0111246+0.004255851i,-0.003937605+0.01348779i,0.008567978+0.005634739i,0.006431213-0.007207337i,-0.005646162-0.004416732i,-0.002735388+0.006009233i,0.005694403+0.001486546i,-0.001171624-0.004355374i,-0.004211439+0.002084132i,0.003987502+0.002299694i,-0.0003721609-0.003943819i,-0.001658032+0.002197155i,0.002641849+0.001401555i,-0.00114995-0.002854066i,-0.00181227+0.002107513i,0.002504467-0.0006248445i,-0.001821376-0.002872168i,-0.00265308+0.00246072i,0.002717136+0.0002302101i,-0.001697225-0.001341836i,-0.0003127571+0.003135811i,0.004031231-0.0006463423i,-0.001806448-0.001272916i,-0.0003912829+0.001448718i
0.0001887209+0.001037174i,-0.0006780784-0.001120991i,0.00102695+0.0003776107i,-0.001759649-0.0005308471i,-0.0009972276-0.002707559i,0.003160274-6.516548e-05i,-0.001060117+0.001584014i,0.000349944-0.002505038i,0.002831536-8.289622e-06i,-0.001763635+0.001411185i,-0.0001474046-0.003450004i,0.005461344+0.00155226i,-0.0006016484+0.003246548i,-6.178678e-05-0.002447617i,0.00456072+1.340669e-06i,-0.00186093+0.003390187i,-0.003027529-0.002030446i,0.004732674-0.0001439945i,0.0007374141+0.00342273i,-0.00521746-0.001967061i,0.001099294-0.006952144i,0.006474163-0.0002574556i,0.001916966+0.007452914i,-0.004068629+0.007054177i,-0.006966541+0.003492886i,-0.008980019+0.003077438i,-0.008765132+0.005203672i,-0.003854224+0.008116031i,0.004733295+0.007769214i,0.007723382+0.0002358295i,-0.0003321634-0.007332367i,-0.005757573-0.0004729205i,0.0001240921+0.005513055i,0.005015427-0.002359039i,-0.001938045-0.003749081i,-0.002353583+0.002790946i,0.003460379+0.0006660306i,-0.001327328-0.002074928i,-0.001992723+0.001778645i,0.003469951+6.549519e-05i,-0.001959604-0.002314086i,-0.0001977208+0.001665469i,0.001381168-0.000825658i,-0.003154162-0.003153692i,-0.001168078+0.002158118i,0.002985856-0.0006694644i,-0.001787397-0.0018771i,0.0008690032+0.003140124i,0.001449143-0.001143421i,-0.002616746-0.0008057471i,0.0002112084+0.001978843i
0.00130843+0.001084257i,-0.000313067+8.66858e-05i,0.0007742597+0.0003031061i,-0.001245906+0.0009841432i,-0.0009138381-0.002233252i,0.002932823-0.001569005i,-0.0009025458+0.00203202i,-0.001395479-0.00207549i,0.003151835-0.001498506i,0.0004277552+0.002309014i,-0.001520701-0.002735646i,0.003545946-0.001872635i,0.002050874+0.001597983i,-2.112697e-05-0.0009959262i,0.003302774-0.001156065i,0.001058309+0.002375783i,-0.002228467+0.0003286525i,0.002723876-0.002679957i,0.002937971+0.00127946i,-0.003653996+0.001201875i,-0.003346523-0.00372175i,0.00287151-0.003210094i,0.004567033+0.001099301i,0.001947298+0.004918616i,-0.0009313393+0.005630652i,0.001078676+0.005069122i,0.0001246336+0.005332869i,0.003159725+0.005612829i,0.00621483+0.001712899i,0.002747791-0.004212149i,-0.003306242-0.002633042i,-0.001942617+0.004265541i,0.005100308+0.001940193i,0.001151128-0.004484076i,-0.002976587+0.0002156734i,0.0007148715+0.003385272i,0.002761306-0.001545481i,-0.001714924-0.001193745i,0.0009231016+0.002565769i,0.003743908-0.001599364i,-0.001155321-0.001429916i,-0.0005165833+0.0007183863i,0.0007833502-0.0008101352i,-0.003430819+2.958306e-05i,0.00159307+0.00340742i,0.001330715-0.001339116i,-0.001486352-0.0005623497i,0.002098595+0.001026035i,0.0004691171-0.001575299i,-0.00194718+0.001064189i,0.002142588+0.002266421i
0.0009254226+0.0001099806i,-0.001058392+0.000275132i,0.0009474125-0.00108343i,-0.0001971167+0.002099899i,-0.002561002-0.0009316422i,0.000826687-0.002953694i,0.001427234+0.0005857328i,-0.002701741+0.0002326921i,0.001698357-0.002812977i,0.001349784+1.368852e-05i,-0.001657135-0.0007335986i,0.001515604-0.003328965i,0.002182005+2.851099e-05i,-0.001433044-0.0005970536i,0.0008583241-0.002600372i,0.002104306+0.001087646i,-0.0007548117+0.0002259246i,-0.0002602964-0.002520522i,0.002038325-0.001274365i,-0.0004465717+0.001174862i,-0.003201224+0.001901354i,-0.000858681-0.0005517902i,0.001259415-0.001571437i,0.002438847-0.0002153831i,0.0005974692+0.001598944i,0.001379284+0.001124798i,0.001943304+0.001876629i,0.003254617-0.0001121267i,0.002770875-0.002675941i,-0.0006542368-0.00198369i,-0.003134729+0.002076277i,0.001231865+0.002687281i,0.002372169-0.002357916i,-0.001762575-0.002901416i,-0.00255498+0.00329033i,0.003365066+0.002750471i,0.001330896-0.002642008i,-0.00177878+0.0003333746i,0.00175313+0.00142096i,0.001580145-0.002302014i,-0.001484717-9.306034e-05i,0.0001432848+0.00143856i,-8.106563e-06-0.0004588974i,-0.001143176+0.0008459691i,0.001473175+0.002020122i,0.0003016554-0.002080627i,-0.0008909671+0.000918885i,0.001353699+0.0006410928i,-0.001786574-0.0020536i,-0.000894981+0.002091796i,0.001904863+0.000249755i
0.001498732-0.0003761039i,-0.0009524046+0.001359312i,0.0003524383-0.001443406i,0.002111277+0.0006520443i,-0.002171463+0.0008510723i,-0.001690231-0.001916116i,0.00244576-0.0007368674i,-0.000937536+0.0008765926i,-0.001730801-0.001858167i,0.001564839-0.0008750585i,-0.001866415+6.20127e-05i,-0.0006167121-0.002979422i,0.0010504-0.001519066i,-0.0006143823+0.000469431i,-0.001218425-0.001789553i,0.001887712-0.001229729i,0.0002941425+0.0006181232i,-0.002908555-0.0007514241i,-0.001239247-0.001800441i,0.0003999393+0.0008767357i,-0.0005273483+0.002771731i,-0.001035476-4.424258e-05i,0.0003659253-0.001598582i,0.0003472384-0.001624176i,0.0005383589-0.0005839317i,0.0017534-0.0007004842i,0.0004656799-0.00196886i,0.0004807657-0.001215598i,-0.0009890699-0.002151728i,-0.001420453-4.460392e-05i,0.0006483376+0.001940199i,0.001997872-0.0001349823i,-0.0004821316-0.002675104i,-0.001622945+0.0009756703i,0.001939524+0.00250775i,0.001273923-0.002582654i,-0.001239855-0.00298442i,-0.001526699+0.00231939i,0.002290608-0.0005053981i,-0.001687692-0.002713417i,-0.002100443+0.001046104i,0.002091714+0.001319676i,-0.001363691-0.000879904i,-0.0003631005+0.0002469867i,0.000895396-0.00056899i,-0.0003736413-0.001163568i,-0.00177261+0.001564525i,0.001364121-2.954269e-05i,-0.0007631783-0.0002267678i,0.0003573625+0.001645617i,0.0009802172-0.0008838262i
0.001496817-0.0007345885i,0.0005145221+0.001023519i,-0.001642202-0.0003762756i,0.002363331-0.0004265255i,-0.0004502091+0.001898955i,-0.00220445-0.000743366i,0.0005053451-0.0006021048i,-0.0003857608+0.0003486323i,0+0i,-0.0001001279-0.0010758i,-0.0009680057+0.0002715805i,-0.00239183-0.0005841315i,-6.354014e-05-0.001589475i,-5.923007e-06+0.0007099547i,-0.002441333-0.0007124037i,-9.373373e-05-0.0006073682i,0.001518659-0.000243842i,-0.001108038+0.001096745i,-0.002259814+0.0005287772i,0.0001479454+0.0007626444i,0.0005584962+0.001408245i,0.0004012814+0.0004811442i,-0.001444494-0.00164568i,-0.001497879-0.001076897i,-9.240782e-05-0.001037853i,0.0005724284-0.001153809i,-1.491043e-05-0.0003723478i,-0.0009144613-3.778645e-06i,-0.0002391534+0.00185721i,0.0005138493+0.001847615i,5.157593e-05+0.0003506329i,0.0003517207-0.0008052625i,-0.0008498778+0.0003481123i,-0.001282403+0.0014814i,0.001234844-0.002134022i,-0.000637425-0.001513376i,-0.002540495+0.0004886985i,0.0001030777+0.001320992i,0.0008568189-0.00181068i,-0.002294552-0.0007272569i,-0.0005765433+0.002275169i,0.001685344-0.0007920108i,-7.010791e-06-0.000353975i,0.000548655+0.001426562i,0.001730171-0.0005079229i,-0.001118711-0.0004950368i,0.0001834006+0.002004142i,0.0001926711-0.0004432921i,0.0001085015+0.000953867i,0.001290292+0.0001023218i,0.0006850447-0.00128375i
-0.001010926-0.001580141i,0.001706372+0.0001753001i,-0.0004430066-0.0003458109i,-0.0005352309-0.001325401i,0.001056836+0.002002157i,-0.0004184235+0.002040953i,-0.0006349564-0.001209275i,0+0i,-0.002057697+0.0004499738i,-0.0009285001-0.0004022982i,-0.0001566092+0.0007308563i,-0.002546915+0.001522944i,-0.001163926-0.001344632i,0.0003756833+0.001001499i,-0.001227896+0.002080145i,-0.002348248+0.001114652i,-0.0004532752-0.000660345i,-0.0003156961+0.0003164379i,-0.001019054+0.001715889i,0.001448831-0.0002999603i,0.001595135+0.0004376793i,0.001083555+0.0009398408i,-0.0005520773+0.0003686206i,-0.002207817+0.0002936379i,-0.001190955+0.0009582337i,-0.001093175+0.0008823616i,-0.0009886029+2.311692e-05i,-0.0002223034+0.0002709731i,-0.000734942-0.0002201869i,0.001260838+0.0003193123i,0.001724472-0.0004415989i,-0.001055081-0.0001713746i,-0.001042283+0.00111855i,-0.0001064634+0.0001266572i,-0.001184381-7.781264e-05i,-0.001732834+0.0005522349i,0.0005270645+0.001198116i,0.002073814-0.0003691417i,-0.0003242632-0.0009441434i,-0.001194298+0.001533908i,0.001817967+0.001277546i,-0.000433796-0.002190535i,-0.000712197+0.0007566115i,0.000158335-7.473521e-05i,-0.0009179579-0.001623246i,-0.000817026+0.0004467173i,0.001429833+0.0005840512i,0.0006388751-0.001193025i,-0.0008869211-0.0007959496i,0.0007163349-8.245992e-05i,-4.332028e-05-0.0004926697i
-0.001711547-7.331449e-05i,0.002512528-0.0001243938i,-0.0002272656+0.0008857812i,-0.001097152-0.0002463752i,0.001456914-0.0001509254i,5.108473e-05+0.001468293i,-0.0003910394+0.0004027254i,-0.0003549041+7.229914e-05i,-0.0008115206+0.0007960006i,-0.001464307+0.001291717i,0.0004678148+0.0003882947i,-0.0005239339+0.002523859i,-0.001276489+0.0008520611i,0.0006948836-0.0001309403i,0.001049249+0.0006740626i,-0.0005437016+0.002421214i,-0.0008187803-0.0005427541i,-0.0001188463+0.0001306792i,0.0007750436+0.000988078i,1.113956e-05-0.0003552418i,0.00132594-6.685334e-05i,0.0004285228-0.002010496i,-0.0004585827+0.0003824008i,0.0001038571+0.001604572i,0.0001323167+0.001544624i,0.0004900353+0.001856712i,-3.816224e-05+0.0006651954i,0.0007531858+0.001011538i,0.0002521711-0.0005829932i,-0.0001163552-0.000767926i,0.0002977751-0.0001730221i,0+0i,0.0008962592+0.0005427401i,0.000256388-0.0005689585i,0.0008578485+0.0006990034i,0.0008425023+0.0006879481i,0.001711296+0.0003151742i,0.0009323717-0.001855838i,-0.0007512904+0.0001868466i,-0.0008544032+0.0015489i,0.001078247-0.0005041097i,-0.001949278-0.00169597i,-0.0005843079+0.0004534909i,0.0001253681+0.001041788i,-0.0009815237-0.0009683662i,-3.436805e-05+0.002015371i,0.001327183-0.000560241i,-0.0005990987-0.0008000915i,-0.001578416+0.0005044609i,0.0004214327-0.0001953237i,-0.0001945035-0.0003046391i
-0.001481617-0.0001411316i,-0.0002392157-0.0008708774i,0.001004516+0.0003154991i,0.0004550653-0.0008994263i,0.0002364594+0.000347825i,0.0006619376+0.0007029987i,-0.0001955748+0.0006113778i,0.0005155461-0.0002288524i,0.0003725214+0.001846269i,-0.001015479+0.0003839768i,-0.0005709371+0.0004491235i,0.001233888+0.001540689i,0.0001495349+0.0006867887i,-0.0007060067-8.416008e-05i,0.0005275393-3.589736e-05i,0.0007575625+5.760929e-05i,0.0004450042+0.0001135842i,0.0003940494+0.001058965i,-0.0003009448+0.000903226i,0.0009299316+0.0006272875i,-0.0009669093-0.000493668i,-0.002173876-0.001460019i,-0.0002412607-0.0002461324i,0.0007179516-0.0002165648i,0.001694066-0.0003511167i,0.001097296-0.001417664i,0.0001632286-0.001296107i,0.0001338833-0.0002976303i,-0.0005564716+8.354106e-05i,-0.0003919029-0.0007108447i,0.0001239709+0.0003810999i,0.001097273-0.0007972998i,0.0001454715-0.0003303792i,-0.0003835486+0.0005758459i,0.001369219+0.0002084981i,0.0006177301+0.0003719693i,0.0003766773-0.002042234i,-0.001001432-0.0007608666i,-9.279115e-05+0.0007343229i,0.0003749086+0.0002716017i,-0.000484993-0.0009056616i,-0.001165762+0.001019107i,0.0005718156+0.001632076i,0.000434673-0.001679973i,0.0002010188+0.0006050037i,0.001138476+0.0006032809i,0.0008776197-0.0006464397i,-0.001981256-6.810784e-05i,-0.0001438909+0.000714347i,0.0008349994-0.000365871i,-4.956322e-05+0.0001607303i
-0.0004820531+0.0005548382i,-0.0004560323-0.002131561i,0.001065617-0.0013926i,-1.693227e-06+0.0007502725i,0.001590902+0.0004478841i,0.0009165246+0.0002536746i,0.0006535731+0.0006600138i,0.0001040283-0.0001339653i,0.001486013+0.0005491338i,0.0009864082+0.0007772049i,0.0009580877+0.0003207491i,0.001798438+2.159694e-05i,0.001058051+0.0008661895i,0.0002880154+0.0008987666i,8.833608e-05-0.0004591047i,0.0008053415+0.000638722i,0.000125701+0.0001065142i,0.0007466229+0.0006527088i,0.0007978693-0.001095011i,0.00116574-0.0001808675i,-0.0002219095+0.001078164i,-0.00133066+0.002424926i,-0.0005572703+0.001059734i,0.0007347392+0.000334882i,-0.0002446385+0.0002250055i,-0.0005442449-0.001111397i,-0.0004051467-0.0005211888i,-0.0007879634+0.0005768219i,-9.996454e-05+0.001600688i,0.0005971766+0.001337665i,0.0002517109+0.0004739016i,-4.610901e-05-0.001438412i,-0.0004217824-0.001013991i,-0.0001276352-0.0004529713i,0.001416913+0.0001238844i,0.0005041651-0.001078722i,-0.000450098-0.00117458i,-0.0007836969-0.0004303813i,0.0005451083-0.0003674491i,-0.0003934522-0.0006329913i,-0.0007044595+0.0001842351i,-0.000901187+0.001449025i,0.001634581+3.571235e-05i,-0.0009901298-0.000229326i,0.0003235363+0.0006638005i,0.0001299442-0.0001118335i,-0.0007758986-0.001367234i,0.0001994466+0.0009490111i,0.0006932722+0.001404992i,0.0003248581-0.00187883i,-0.0006704823-0.0002608268i
-0.0003494269-0.0002145273i,-0.001375934-0.0003067803i,0.0002756601-0.002408676i,0.0008904642-0.001211673i,-0.0001255489-0.0003925749i,0.0006646211-0.0003352916i,0.001541446+0.000733424i,0.0002470363-0.0008936687i,0.000531341-0.00125025i,0.0005716189+0.000449898i,-0.0002373796+0.0006663776i,0.0002151119-0.001062305i,0.0006880196-0.0002288962i,0.0008088826-0.00100442i,8.538759e-05-0.001172011i,0.001203662+0.0006861264i,0.0004908408-0.0001336378i,8.389352e-05-0.0003775329i,-0.0006719401-0.0005992638i,0.0002679855-0.002298695i,-0.0007785588-7.1544e-05i,0.0005281297-0.0001827081i,0.0006603324+0.0009694547i,0.0008471698+2.096082e-05i,-0.0005706619-0.00108923i,-0.0006433186+0.0001330984i,0.0002036315+0.001443476i,0.0002914931+0.001339522i,0.0008883369-0.000466529i,0.0008054904+0.0002539041i,-0.0003481852+0.001124627i,-0.0006040029-0.0007769928i,-0.0001256785+0.0005500304i,8.36495e-05+0.000301529i,0.0008560772-0.0005617272i,-0.0007160504-0.0001092191i,-0.001304618-0.0004206836i,-0.001060455+0.0005989677i,-0.001622083+0.0001721235i,-0.0007713763+0.0005373036i,0.0003839913+0.0005439951i,0.001256285-0.0001509448i,-0.0006885572-0.001012992i,-0.001139576+0.000149778i,0.002066944+0.0007491938i,0.0006840591-0.0009493018i,-0.001381031-0.0002329265i,0.001040456+0.0004538055i,0.001121875-0.000148806i,-0.0005372386-0.0003372397i,-0.0003821381+0.0009947001i
0.000467891+0.0004915292i,-0.001744573+0.001203649i,-0.0009989413-0.0003106259i,-0.0002981604-0.0001221371i,-0.0003510534-5.686307e-05i,-0.0003904244-0.0002339871i,0.0004848686+0.0007006709i,-2.182681e-05+0.0001596412i,-0.0008764066-0.0006557454i,-0.0003330974-0.0001693649i,4.973534e-07-0.0003400538i,0.0003004029-0.0009040658i,-0.0007399989-0.0003835448i,-0.001278935-0.0003997866i,-0.001064979-0.0004626773i,-0.0008323374-0.00150743i,0.0002408997+0.0004525336i,0.0008944533+0.0003590033i,-0.0003959757+0.0003057176i,-0.0010773-0.001119159i,-0.001123447+0.0006032835i,0.0001093832-0.0004808518i,0.001962828+0.0001842314i,0+0i,-8.928269e-05+0.0005411174i,2.509147e-05-0.0007941791i,-0.000577662-0.0002993711i,0.0004897133-0.0003201869i,0.0001036263+0.0004913973i,-0.001252839-8.300818e-05i,0.0004663942+0.0001946021i,-4.834223e-05+0.0003330044i,0.0001129389+0.0006684854i,0.001097458+0.0001920662i,8.606166e-05-0.0006857494i,-0.001372484+0.001119974i,0.0001750085+0.0009178754i,0.0006098401+0.0004171484i,-9.59646e-05+0.0006567784i,0.0008449883+0.001459559i,0.0007332442+0.0007258827i,-0.0004668166-0.001449049i,-0.0005451426-0.001203775i,0.000251109+0.0003389028i,0.001605411-0.0002389317i,-0.0001992489-0.00102037i,0.0001440376+0.0006836043i,0.0006991402+0.0004086605i,-0.0002294827-0.001498344i,-0.001183282+0.0008633689i,0.0009641021+0.001179056i
0+0i,-0.0005427559+0.001018695i,-0.001372083-0.0001310902i,4.586116e-05-0.0006145034i,-0.0005947989+0.0007491822i,-0.0003672938+0.001403769i,0.0005169944-0.0004633598i,-0.0004133336+0.0003027366i,-0.0006585084+0.0001143136i,-0.0002612609-0.0003165282i,-0.001463675+0.0001820255i,-0.001183147-8.755855e-05i,-0.0004574766-0.0004123783i,-0.0005651198+0.0003730481i,-0.0006299682+0.0008442091i,-0.001140879-0.0006472145i,-0.0007803675-0.000640609i,-0.0001783393-0.00109807i,0.001396111+0.000139416i,0.0001223762+0.0006237579i,0.0007273324+0.001823587i,4.354116e-05+0.0008993126i,5.956373e-06-0.001548869i,-0.0004831879-0.000383136i,0.0002047297-0.0003417563i,-0.0001204683+0.0007139944i,-5.120925e-05-0.0007000905i,-0.0005642184+0.0001837689i,-0.0003255073-1.736345e-05i,0+0i,-0.0003793173+0.0003898549i,-0.0003052456-0.000134468i,0.001052067-0.0006638918i,0.0007776443-0.0004441442i,1.524165e-05+0.001172117i,-0.0002870124+0.001532169i,0.001080736+0.0001245139i,-0.0002158947-0.0009123152i,0.001224207+0.0004726353i,0.001383364-0.0003642949i,-0.0002503637-0.0009987701i,-1.0346e-05-0.0008035504i,0.0007212756+0.001408168i,0.000360997-0.000310183i,-1.169142e-05-0.0003679705i,-0.0001884226+0.000303866i,-0.0002610566+0.0008553647i,-0.0003180531+0.0001494116i,-0.0006567676-0.0005243607i,0.0002221451+0.0003981213i,0.000359647+0.0002477199i
-3.031453e-05+0.00059336i,0.000121842+0.001186164i,-0.00135986+0.0006323143i,-0.0001106066-0.0007064723i,0+0i,-0.0009930711+0.0007539919i,-0.0004193967-0.0001746159i,0+0i,-7.29869e-05+0.000634242i,-0.0002036467+0.0007884556i,0.0001115999+0.0003147245i,-0.0009867838+0.0004815341i,-0.0003038878+0.0008738243i,-0.0001089329+0.000665782i,0.0009025238+0.0009719116i,0.0005214702+0.0008327999i,-0.0009894285+0.001435471i,-0.0002728157+0.0009258027i,0.0002423069-0.000601364i,0.0002427999-0.0002152398i,0.0009843688+0.0002908261i,0.0009231589-0.0008183798i,-0.0001243515-0.0009719144i,-0.0004981337+0.0005715593i,-2.180564e-06+0.0003294722i,0.0005431179-0.0001074232i,-0.0004759032-5.289599e-05i,0.0003333226-0.000108461i,-0.0005618934+0.0004891675i,0.0001456057+0.0003450986i,-0.0004533985-0.000179465i,0.001207275-7.602112e-05i,0.0002957543+0.0001684999i,-0.0009106693+0.001173265i,-0.0002500791+0.001441558i,-0.0002207581+0.0003448476i,1.16577e-05+0.0001715333i,-8.243556e-05-0.0006101675i,-6.771438e-05+0.000346636i,9.20339e-05-0.0003066285i,-7.092268e-05+0.001023672i,-0.0001336749+0.0004690438i,0.0002825874-0.0004489456i,0.0002732162+0.0002145414i,-0.0009871167-0.0001506249i,-0.0006004163+0.000644843i,-0.000402605-0.0001092345i,7.238522e-05-0.0004693067i,-0.0009920051+0.001640264i,0.0004107065+0.0002241973i,-6.387806e-06-0.0001845317i
0.0002031562-0.0004082111i,-0.00027887-0.000698009i,-8.895179e-05+0.0001568182i,-0.0005790571-0.0004659024i,-0.0004027961-0.0003435205i,7.134163e-05-0.0006825319i,-0.0006702817-4.414906e-05i,-0.0006969656+0.000425078i,0.0003421995-0.0008167936i,0.0007629389+0.0002364774i,0.0009447068+0.0006101289i,-0.0001431468+0.0003259959i,-9.797923e-05+0.0003444325i,0.0008752574-0.000320821i,0.0009335879-0.0002169088i,0.001114092+5.409599e-05i,0.0009995883-0.0006555684i,0.00107182+0.0009533888i,-0.0006376732+0.00053029i,-0.0003264486+0.0001132835i,-0.0009247826-0.0003486994i,-0.0005213406-0.0004580427i,-0.001389189-0.0001329599i,-0.001082156+0.0009837218i,5.711351e-05+0.0009287188i,0.0009563461-0.001253671i,-9.247682e-05-0.0009769785i,1.03237e-05+0.0003114745i,0.0005051441-0.0006238887i,-0.0004237363-0.0003320115i,-0.0003257567+0.0002041454i,-0.0006616071+0.0005898108i,-0.0003438386+3.689614e-05i,-0.0004550922+0.0006939383i,0.000132528-0.0006679299i,-0.000594808-0.0004807307i,0.0003104178-0.0007361511i,-0.0007148344-0.0004010496i,0.0003769674+0.0002008512i,0.0009384218-0.0006740987i,-0.000387384+0.0007084641i,0.000480675+0.0004779021i,0.0009108243-0.0004256814i,-0.0003574088-3.108533e-06i,0.0005594048+0.001196651i,0.00144679-7.31312e-05i,-9.453626e-05-0.0006966648i,-0.0003670463+0.0004400366i,0.0009079254+0.0001619781i,-0.0003728776-0.0006062465i,-0.00023634-0.0005527079i
-0.0002307153-0.0002592607i,0.00022166-0.0006807222i,0+0i,0.0001467366-0.00031946i,0.0005784095+0.0006346338i,0+0i,4.570923e-05-0.0003243294i,-0.000404571-0.000103281i,-0.0001650815+0.0006180386i,-0.0002469191-0.000266192i,0.0004230632-0.0005532565i,0.0009647129-0.0008961609i,0.0008612453+0.0005032438i,0.001148142+1.513053e-05i,0.0008847857-0.0001387846i,-0.000260692-0.0006277992i,-0.0002924358-0.0007553559i,0.0002950776-0.0009030954i,0.001244452-0.0005181337i,0.0003508568-0.0007159344i,-0.0004673666+9.722332e-05i,-0.0007041627+0.0003464954i,-0.000281591+0.0002833499i,-0.0004128312-3.890933e-05i,0.0003986344-0.0006057003i,0.0006384334-0.0008265876i,-0.000451578+0.0002244354i,0.0001427033-0.0001001358i,0.0004172857+0.0001794001i,-0.0003350549+0.0001589785i,2.945503e-05-0.0001617081i,-0.0003164126+0.0009344163i,-0.0002775688+0.0001741438i,0.00105734+0.0002751711i,0.0004880913-0.0001417456i,2.25936e-05-0.0008510983i,-3.487516e-05+0.0001745336i,0.0009866212+0.001454798i,0.0004208276+0.0002675669i,-0.000640014+0.0003710042i,0.0002825691+0.0005715439i,0.0008535094-0.0004708949i,-0.0002176401+0.0001889119i,-0.0005306365+0.0006697272i,9.86192e-05-0.000304642i,-0.0002211144-0.0006154908i,4.02992e-05+0.0003585625i,0.001046052-0.0001591817i,0.000800938+0.0007588128i,-0.0003008367-0.0001029573i,-0.0005816421+0.0003835256i
-0.0001390041+0.000921045i,-0.0006050857-3.219124e-05i,-0.000922955-0.001431243i,-0.0005587269-0.0006694478i,-4.479671e-05+0.0004584274i,1.632502e-05+0.0007509084i,0.0001086993-0.0007278664i,-0.0001353179+0.0006114435i,0.0001193199+9.976614e-05i,0.0003154146+0.0001452753i,-0.0002617242+0.0001286679i,0.0002756189-0.0007663168i,0.0003539538-0.0007284839i,-4.984696e-05-0.00121494i,-0.0003031177+5.780915e-05i,-0.0002135528+0.001098769i,-0.001317697+5.036377e-08i,-0.001336913+4.620945e-05i,4.792866e-05-0.0001438907i,0.000585152+0.0001110467i,5.517601e-05-0.0002848227i,0.0009381393+0.0005308631i,0.000838295+0.0007600563i,0.001194154+0.0008286351i,0.0005776146+0.0001589719i,-0.0001035848+0.0006252823i,0.0001754326+0.000274612i,0.000196809-0.0003190638i,0.0003070301+0.0001014366i,-0.0006823691-9.62401e-05i,0.0003757712-0.0003594891i,-0.0001448069+0.001093321i,0.001038028+0.0001034714i,-6.228316e-05-0.0007260651i,0+0i,0.000575984-0.0001397622i,0.0006421388-0.0005927286i,0.0001662421-0.0003017582i,-0.0009700147+0.0005271383i,0.0007938006-0.000198927i,-0.0008058072-0.0007802602i,0.000120569+0.0006405298i,-0.0003930397+0.0003654089i,0.0003538378-0.0004189661i,0.0003793999+0.000583311i,-0.0002978261+0.0003681477i,0.0004721642+0.001586064i,0.0002030172+0.0002481187i,-0.0002033417-0.0006910579i,0.0003078825-7.54671e-05i,0.001798669-0.0002161556i
0.001062305-0.0006062572i,-0.0005128342+0.001452472i,-0.0002854023+0.0003564661i,-0.0002184375-0.0009492164i,0.001179642-0.0006622599i,8.868852e-05+0.001037375i,0+0i,-0.0009588625+0.0004936462i,-5.706507e-05-0.0003055873i,-0.000163106+0.0002917043i,0.0002599748-0.0002013379i,0.0005544989+0.0005434772i,-0.0003858888+0.0003658001i,-0.0007039087-9.805791e-05i,0.0004567037-0.0008538697i,-0.0003913178-5.54119e-05i,0.0009824844+0.001713541i,0.0001669287+8.215163e-05i,5.180534e-05-0.0006368096i,-0.001125068+0.0003086682i,0.0003773721+9.262344e-05i,0.000214727-0.001134762i,-0.000226266-0.001551508i,-0.0002856065-0.0007968177i,-0.000188469-0.0005778774i,-0.0003204896+0.0003250839i,6.265471e-05+0.0005564048i,0.001625928-0.0007550573i,-0.0004128237-0.0004685771i,-0.000146621+9.916292e-05i,0.0004719329+0.0005071756i,0.0008040929+0.0001608032i,0.0001154556-0.0004699973i,0.000790971+0.0003212249i,-0.0002928001+0.0001467416i,-0.0001666816+0.0007990724i,0.0003399753+0.000303446i,0.0002294017+0.0005952785i,0.0003200555-0.0009488913i,0.0005502326+0.0007974919i,0+0i,-0.0006955484-7.969279e-05i,-0.0002335252-0.0004212508i,0.000410736+0.0005313216i,-0.0004795927-0.0004124134i,-0.000177774-8.554787e-06i,0.0005795264-0.0001999389i,0.0001646719-5.05323e-06i,-0.0007266072-0.0002480954i,0.001085367+0.0003318893i,0.0001294297-0.0007938727i
